N° (original);Disponible Nov 2024;Nombre vulgar;lat;lon;Zona;ruta mapa;Categoria;Nombre Científico;Familia;Observaciones;Fijador de Nitrógeno;Acumulador Dinámico;Minerales;Propiedades;Época de siembra (CHILE);Método;Profundidad de Siembra;Tiempo de germinar;Transplante;Distancia entre (Plantas);Distancia entre (hileras);Tiempo para cosechar;Enero;Febrero;Marzo;Abril;Mayo;Junio;Julio;Agosto;Septiembre;Octubre;Noviembre;Diciembre;Meses UNIRCADENAS
;No;"Bambu
";;;Zona 2: Paños de Cultivo;images/zona2_cultivos.png;Árboles y Arbustos Ornamentales;"Bambousa spp.
";"Gramineas
Poaceas";Prefiere suelos húmedos y ricos en materia orgánica. Requiere riego constante y espacio para crecer.;No;No;No aplica;"El cocimiento de dos pedazos de la raíz (del tamaño del dedo grande cada uno de ellos) en un jarro de agua-Se usa contra las
infecciones de la matriz, riñones y artritis-Tónico para los pulmones-Remineralizante-Laxante suave-";Septiembre - Octubre;Esquejes;-;20 a 30 días;-;1 m;2 m;-;;;;;;;;;Septiembre;Octubre;;;"Septiembre;Octubre"
;Sí;Canelo;-33.6843683;-70.9505468;Zona 1: Visitas Frecuentes;images/zona1_visitas_frecuentes.png;Árboles y Arbustos Ornamentales;Drimys winteri ;Winteraceae;Prefiere suelos húmedos y bien drenados. Necesita sombra parcial y protección contra heladas.;No;No;No aplica;Antiespasmódico-Antibacteriano-Vermífugo-Analgésico-Cicatrizante;Invierno (junio a agosto);Almacigo;2 cm;30 a 40 días;-;1 m;2 m;-;;;;;;Junio;Julio;Agosto;;;;;"Junio;Julio;Agosto"
31;Sí;"Cipres
";;;Zona 3: Bosque Comestible;images/zona3_bosque.png;Árboles y Arbustos Ornamentales;"Cupressus sempervirens
";"Cupresaceas
";Tolera suelos pobres y sequía. Prefiere pleno sol y es resistente a condiciones adversas.;No;No;No aplica;"Externo:Afirma los vasos sanguineos-Exceso sudor(conos)
Interno:Antiespasmódico-Tónico general-Tos, gripe";Invierno (junio a agosto);Almacigo;2 cm;30 a 50 días;-;3 m;4 m;-;;;;;;Junio;Julio;Agosto;;;;;"Junio;Julio;Agosto"
;Sí;Ciruelo 2;-33.6843394;-70.9504953;Zona 3: Bosque Comestible;images/zona3_bosque.png;Árboles y Arbustos Ornamentales;Prunus cerasifera ;Rosaceae;Prefiere suelos fértiles y bien drenados. Necesita exposición al sol y poda regular.;No Información;No Información;No Información;;;-;-;-;-;-;-;-;;;;;;;;;;;;;
;Sí;Ciruelo de jardín;;;Zona 3: Bosque Comestible;images/zona3_bosque.png;Árboles y Arbustos Ornamentales;Prunus cerasifera;Rosaceas;Prefiere suelos fértiles y bien drenados. Requiere riego moderado y exposición al sol.;No;No;No aplica;Laxante;Invierno (junio a agosto);Almacigo;3 cm;30 a 40 días;-;3 m;4 m;3 años;;;;;;Junio;Julio;Agosto;;;;;"Junio;Julio;Agosto"
;Sí;Espino;;;Zona 1: Visitas Frecuentes;images/zona1_visitas_frecuentes.png;Árboles y Arbustos Ornamentales;Acacia caven;Leguminosas-Fabaceas;Tolera suelos pobres y secos. Prefiere pleno sol y es resistente a la sequía.;Sí;No;No aplica;Fruto molido bebida(como café)-Estimulante-Digestiva. Corteza:Astringente, Cura heridas.;Julio - Agosto;Directa;2 cm;14 a 20 días;-;1 m;2 m;-;;;;;;;Julio;Agosto;;;;;"Julio;Agosto"
66;No;Eucalipto;;;Zona 1: Visitas Frecuentes;images/zona1_visitas_frecuentes.png;Árboles y Arbustos Ornamentales;Eucalyptus globulus;Mirtaceas;Tolera suelos pobres y secos. Requiere pleno sol y espacio para crecer.;No;No;No aplica;Antiséptico-Expectorante-Estimula el flujo sanguineo local;Invierno (junio a agosto);Almacigo;2 cm;30 a 50 días;-;3 m;4 m;-;;;;;;Junio;Julio;Agosto;;;;;"Junio;Julio;Agosto"
;Sí;Ginkgo biloba;-33.684299;-33.684299;Zona 3: Bosque Comestible;images/zona3_bosque.png;Árboles y Arbustos Ornamentales;Ginkgo biloba;Ginkgoaceas;Prefiere suelos profundos y bien drenados. Tolera suelos pobres y condiciones urbanas.;No;No;No aplica;Hojas: Contienen Flavonoides-Mental-Mejora visión-Despega arterias y Venas;Primavera (septiembre a noviembre);Almacigo;3 cm;30 a 50 días;-;3 m;4 m;4 años;;;;;;;;;Septiembre;Octubre;Noviembre;;"Septiembre;Octubre;Noviembre"
8;Sí;Huingan;-33.6840325;-70.9504041;Zona 3: Bosque Comestible;images/zona3_bosque.png;Árboles y Arbustos Ornamentales;Schinus polygamus;Anacardaceas;Tolera suelos secos y pobres. Prefiere pleno sol y es resistente a la sequía.;No;No;No aplica;Sirve para:Desinfectar heridas-Nubes de los ojos-Galactógeno-Purgativa-Digestiva;Invierno (junio a agosto);Almacigo;2 cm;30 a 40 días;-;3 m;4 m;-;;;;;;Junio;Julio;Agosto;;;;;"Junio;Julio;Agosto"
;Sí;Lleuque;;;Zona 3: Bosque Comestible;images/zona3_bosque.png;Árboles y Arbustos Ornamentales;Prumnopitys;Podorcapaceas;Prefiere suelos húmedos y sombreados. Crecimiento lento.;No;No;No aplica;Usado en carpintería y ebanistería-Propiedades antimicrobianas-Tradicionalmente utilizado en infusiones;Invierno (junio a agosto);Almacigo;2 cm;30 a 40 días;-;3 m;4 m;-;;;;;;Junio;Julio;Agosto;;;;;"Junio;Julio;Agosto"
;Sí;Maiten;;;Zona 3: Bosque Comestible;images/zona3_bosque.png;Árboles y Arbustos Ornamentales;Maytenus boaria;Celasteceas;Prefiere suelos húmedos y bien drenados. Tolera sombra parcial y temperaturas moderadas.;No;No;No aplica;Hojas:Antifebrífugas-Sirve para:Lavar y curar erupciones cutáneas(Litre)-Purgativo;Invierno (junio a agosto);Almacigo;2 cm;30 a 40 días;-;3 m;4 m;-;;;;;;Junio;Julio;Agosto;;;;;"Junio;Julio;Agosto"
36;Sí;Matico;-33.6844007;-70.9505281;Zona 1: Visitas Frecuentes;images/zona1_visitas_frecuentes.png;Árboles y Arbustos Ornamentales;Buddleja globosa ;Scrophulariaceae;Prefiere suelos húmedos y bien drenados. Tolera sombra parcial y riego constante.;No;No;No aplica;Vulnerario-Lavar heridas-Ataques al hígado-Contra catarros intestinales-Antimicótico-Antiinflamatorio;Agosto - Octubre;Esquejes;-;20 a 30 días;-;1 m;1.5 m;-;;;;;;;;Agosto;Septiembre;Octubre;;;"Agosto;Septiembre;Octubre"
9;Sí;"Molle
";;;Zona 3: Bosque Comestible;images/zona3_bosque.png;Árboles y Arbustos Ornamentales;"Schinus molle
Schinus areira";Anacardaceas;Tolera suelos pobres y sequía. Prefiere pleno sol.;No;No;No aplica;"Antiinflamatorio-Cicatrizante-Emenagogo-Antiespasmódico-Antibacteriano-Antifúngico
Frutos se pueden usar como pimienta";Invierno (junio a agosto);Almacigo;2 cm;30 días;-;2 m;3 m;-;;;;;;Junio;Julio;Agosto;;;;;"Junio;Julio;Agosto"
32;Sí;Olivo de(del) otoño;;;Zona 3: Bosque Comestible;images/zona3_bosque.png;Árboles y Arbustos Ornamentales;Eleaegnus umbellata;Elaegnaceas;Tolera suelos pobres y secos. Prefiere pleno sol y es resistente a la sequía.;Sí;Sí;Mg-Ca-K-P-Fe-Cu-Zn-Na;Antioxidante-Decrece las probabilidades de cáncer de próstata-Contiene Licopeno;Primavera (septiembre a noviembre);Directa;2 cm;14 días;-;1 m;2 m;-;;;;;;;;;Septiembre;Octubre;Noviembre;;"Septiembre;Octubre;Noviembre"
62;No;"Pata de vaca 
";;;Zona 3: Bosque Comestible;images/zona3_bosque.png;Árboles y Arbustos Ornamentales;"Bahuina forficata
Bahuina candicans";Leguminosas-Fabaceas;Necesita suelos fértiles y bien drenados. Prefiere climas templados y cálidos.;No;No;No aplica;"Hipoglicemiante Insulino vegetal-Anticatarral-Estomacal-Hojas:Purgantes
";Agosto - Octubre;Almacigo;2 cm;20 a 30 días;-;2 m;3 m;-;;;;;;;;Agosto;Septiembre;Octubre;;;"Agosto;Septiembre;Octubre"
;Sí;Peumo;-33.6842368;-70.9505807;Zona 1: Visitas Frecuentes;images/zona1_visitas_frecuentes.png;Árboles y Arbustos Ornamentales;Cryptocarya alba ;Lauraceae;Prefiere suelos húmedos y sombra parcial. Tolera climas templados.;No;No;No aplica;;;-;-;-;-;-;-;-;;;;;;;;;;;;;
;Hemos tenido;Pewen-Araucaria;;;Zona 1: Visitas Frecuentes;images/zona1_visitas_frecuentes.png;Árboles y Arbustos Ornamentales;Araucaria araucana;Araucanaceas;Necesita suelos profundos y bien drenados. Prefiere climas templados y frescos.;No;No;No aplica;Contiene:Alto valor nutricional-Proteinas-Almidón-Resina para úlceras;Invierno (junio a agosto);Almacigo;5 cm;30 a 50 días;-;5 m;6 m;10 años;;;;;;Junio;Julio;Agosto;;;;;"Junio;Julio;Agosto"
;No;Pichi;;;Zona 3: Bosque Comestible;images/zona3_bosque.png;Árboles y Arbustos Ornamentales;Fabiana imbricata;Solanaceas;Tolera suelos pobres y secos. Prefiere pleno sol y es resistente a la sequía.;No;No;No aplica;Sirve para:Vias urinarias-Inflamaciones de vejiga, Hígado y vías Respiratorias;Septiembre - Octubre;Almacigo;1 cm;10 a 14 días;-;30 cm;50 cm;-;;;;;;;;;Septiembre;Octubre;;;"Septiembre;Octubre"
;Sí;Pimiento;-33.6843467;-70.9505528;Zona 3: Bosque Comestible;images/zona3_bosque.png;Árboles y Arbustos Ornamentales;Schinus molle ;Anacardiaceae;Necesita temperaturas cálidas y luz solar directa. Evitar exceso de humedad en el suelo.;No;Sí;Mg-K;Estimulante circulatorio-Carminativo-Antiinflamatorio-Analgesico;Julio a Agosto;Almacigo;1 cm;3 a 5 días;Octubre;30 cm;60 cm;90 días;;;;;;;Julio;Agosto;;;;;"Julio;Agosto"
;Sí;"Tagasaste
";-33.6841201;-70.9504252;Zona 3: Bosque Comestible;images/zona3_bosque.png;Árboles y Arbustos Ornamentales;"Chamaecytisus palmensis
Cytisus proliferum";Leguminosas-Fabaceas;Prefiere suelos bien drenados y exposición al sol. Tolera condiciones adversas.;Sí;No;No aplica;"Melífero
";Agosto - Octubre;Directa;2 cm;14 a 20 días;-;2 m;3 m;-;;;;;;;;Agosto;Septiembre;Octubre;;;"Agosto;Septiembre;Octubre"
;Sí;Almendro;-33.6841383;-70.9504285;Zona 3: Bosque Comestible;images/zona3_bosque.png;Frutales;Prunus dulcis/amygdalus;Rosaceas;Prefiere suelos bien drenados y exposición al sol. Tolera la sequía, pero requiere riego en etapas de fructificación.;No;No;No aplica;Emoliente-Laxante-Antiinflamatorio-Antioxidante-Alimento nutritivo;Invierno (junio a agosto);Almacigo;3 cm;30 a 40 días;-;4 m;5 m;4 años;;;;;;Junio;Julio;Agosto;;;;;"Junio;Julio;Agosto"
35;Sí;Arándano;;;Zona 3: Bosque Comestible;images/zona3_bosque.png;Frutales;Vaccinum myrtillus;Ericaceas;Prefiere suelos ácidos y bien drenados. Requiere sombra parcial y riego constante.;No;No;No aplica;Laxantes(fruto maduro)-Frutos verdes:Constriñen-Antibacteriano-Uso de enjuage bucal;Invierno (Junio - Agosto);Almacigo;1 cm;20 a 30 días;-;50 cm;70 cm;3 años;;;;;;Junio;Julio;Agosto;;;;;"Junio;Julio;Agosto"
68;Sí;"Arazá
";;;Zona 3: Bosque Comestible;images/zona3_bosque.png;Frutales;"Eugenia stipitata
Psidium cattlenanum";Mirtaceas;Prefiere suelos húmedos y bien drenados. Necesita exposición al sol y riego moderado.;No;No;No aplica;"Contiene: Vitamina C-A-B1-Enérgetica-Fortalece sistema inmune-Depurativo-Indigestión
";Primavera (septiembre a noviembre);Almacigo;3 cm;30 a 40 días;-;3 m;4 m;3 años;;;;;;;;;Septiembre;Octubre;Noviembre;;"Septiembre;Octubre;Noviembre"
78;Sí;Cerezo;-33.6840912;-70.9504168;Zona 3: Bosque Comestible;images/zona3_bosque.png;Frutales;Prunus avium ;Rosaceae;Necesita suelos profundos y fértiles. Requiere frío invernal para una buena producción de frutos.;No;No;No aplica;Diurético-Astringente-Expectorante;Invierno (junio a agosto);Almacigo;3 cm;30 a 40 días;-;3 m;4 m;3 años;;;;;;Junio;Julio;Agosto;;;;;"Junio;Julio;Agosto"
;No;"Chirimoya
";;;Zona 3: Bosque Comestible;images/zona3_bosque.png;Frutales;"Annona cherimola
";"Anonacceas
";Necesita suelos fértiles y húmedos. Prefiere climas cálidos y protección contra el viento.;No;No;No aplica;"Regula presión arterial-Antimicrobiano-Digestivo-Antioxidante-Antidepresivo-Tranquilizante- 
Contiene:Vitaminas A,B,C-Minerales:Fe-Ca-P";Primavera (septiembre a noviembre);Almacigo;3 cm;30 a 40 días;-;3 m;4 m;3 años;;;;;;;;;Septiembre;Octubre;Noviembre;;"Septiembre;Octubre;Noviembre"
;Sí;Ciruelo;-33.6841472;-70.9505528;Zona 3: Bosque Comestible;images/zona3_bosque.png;Frutales;Prunus domestica;Rosaceas;Prefiere suelos profundos y húmedos. Necesita exposición al sol.;No;No;No aplica;Antioxidante-Pulpa laxante-Contiene:Vitaminas A-E-Minerales;Invierno (junio a agosto);Almacigo;3 cm;30 a 40 días;-;1 m;2 m;3 años;;;;;;Junio;Julio;Agosto;;;;;"Junio;Julio;Agosto"
;Sí;Clementina;;;Zona 3: Bosque Comestible;images/zona3_bosque.png;Frutales;Citrus x clementina;Rutaceas;Requiere suelos bien drenados y riego constante. Sensible a heladas. Prefiere climas cálidos.;No;No;No aplica;Antioxidante-Antibacteriana-Broncodilatador-Antiinflamatoria-Reduce presión arterial-Diurético-Vit.C, B-Contiene fibra;Primavera (septiembre a noviembre);Almacigo;3 cm;30 a 40 días;-;1.5 m;3 m;3 años;;;;;;;;;Septiembre;Octubre;Noviembre;;"Septiembre;Octubre;Noviembre"
;Sí;Damasco Imperial;-33.684361;-70.950487;Zona 3: Bosque Comestible;images/zona3_bosque.png;Frutales;"Prunus armeniaca
";Rosaceas;Necesita suelos profundos, fértiles y bien drenados. Sensible a heladas primaverales. Riego moderado.;No;No;No aplica;"Laxante suave-Astringente-Calma afecciones de la piel-Alto contenido vitamina A-Minerales-Elimina
Parasitos intestinales-Para piel y vista";Invierno (junio a agosto);Almacigo;3 cm;30 a 40 días;-;3 m;4 m;3 años;;;;;;Junio;Julio;Agosto;;;;;"Junio;Julio;Agosto"
;Sí;Durazno;-33.6841695;-70.950463;Zona 3: Bosque Comestible;images/zona3_bosque.png;Frutales;Prunus persica ;Rosaceae;Prefiere climas cálidos y suelos fértiles. Requiere poda anual y riego constante. Sensible a heladas.;No;No;No aplica;Contiene: Vitamina A, B1, B2, E, K y C-Protege la piel-Disminuye el colesterol-Controla el azucar;Invierno (junio a agosto);Almacigo;3 cm;30 a 40 días;-;3 m;4 m;3 años;;;;;;Junio;Julio;Agosto;;;;;"Junio;Julio;Agosto"
67;Sí;Feijoa;-33.6841132;-70.9505023;Zona 3: Bosque Comestible;images/zona3_bosque.png;Frutales;Acca sellowiana;Mirtaceas;Prefiere suelos ácidos y bien drenados. Tolera sequías moderadas y requiere exposición al sol.;No;No;No aplica;Alto contenido vitamínico-Antioxidante-Tónico-Estabiliza colesterol-Ayuda tiroides.;Primavera (septiembre a noviembre);Almacigo;2 a 3 cm;15 a 20 días;-;50 cm;70 cm;-;;;;;;;;;Septiembre;Octubre;Noviembre;;"Septiembre;Octubre;Noviembre"
;Sí;"Fisalis
";;;Zona 2: Paños de Cultivo;images/zona2_cultivos.png;Frutales;"Physalis alkenkengi
Physalis franchetti";Solanaceas;Prefiere suelos bien drenados y riego moderado. Requiere exposición al sol y protección contra heladas.;No;No;No aplica;"Diurético-Se usa para:Bajar la fiebre-Reduce y elimina el ácido úrico por la orina-
Vitamina C-Laxante moderado";Agosto - Octubre;Almacigo;0.5 cm;10 a 15 días;-;50 cm;70 cm;90 días;;;;;;;;Agosto;Septiembre;Octubre;;;"Agosto;Septiembre;Octubre"
;Sí;"Frambueso
";;;Zona 3: Bosque Comestible;images/zona3_bosque.png;Frutales;"Rubus ideaus
";Rosaceas;Prefiere suelos húmedos y bien drenados. Requiere poda regular.;No;No;No aplica;"Astringente-Antioxidante-Depurativo-Diurética-Contiene:Vitamina C-Calcio
Para el parto-Alivia diarrea-Externo:Colirio, Conjuntivitis, boca y heridas";Invierno (junio a agosto);Almacigo;3 cm;20 a 30 días;-;1 m;2 m;2 años;;;;;;Junio;Julio;Agosto;;;;;"Junio;Julio;Agosto"
;Sí;Frutillas;;;Zona 2: Paños de Cultivo;images/zona2_cultivos.png;Frutales;"Fragaria vesca
Fragaria x ananossa";Rosaceas;Prefiere suelos ácidos y bien drenados. Necesita exposición al sol y riego constante.;No;No;No aplica;"Astringente-Diurético-Gargarismos-Antioxidante-Para la visión- 
Rica en Vitamina C- Fuente de minerales-Estreñimiento";Abril a Mayo;Esplón;5 a 8 cm;-;-;20 cm;15 cm;120 días;;;;Abril;Mayo;;;;;;;;"Abril;Mayo"
64;Sí;Granado;-33.6843122;-70.9505656;Zona 3: Bosque Comestible;images/zona3_bosque.png;Frutales;Punica granatum;Litraceas;Tolera suelos pobres y sequía. Prefiere climas cálidos y exposición al sol. Necesita riego moderado.;No;No;No aplica;Contra lombrices-Astringente;Invierno (junio a agosto);Almacigo;3 cm;30 a 40 días;-;3 m;4 m;4 años;;;;;;Junio;Julio;Agosto;;;;;"Junio;Julio;Agosto"
40;Sí;"Grosella
";;;Zona 3: Bosque Comestible;images/zona3_bosque.png;Frutales;"Ribes sativum
Ribes uva-crispo";"Grosulaceas
";Prefiere suelos húmedos y ricos en materia orgánica. Necesita poda regular y exposición al sol.;No;Sí;I;"Antioxidante-Sirve para:Prototección de vasos sanguineos-Visión
";Invierno (junio a agosto);Almacigo;1 cm;10 a 15 días;-;40 cm;60 cm;120 días;;;;;;Junio;Julio;Agosto;;;;;"Junio;Julio;Agosto"
;Sí;Guindo;-33.6842005;-70.9504727;Zona 3: Bosque Comestible;images/zona3_bosque.png;Frutales;Prunus cerasus;Rosaceas;Requiere suelos fértiles y bien drenados. Prefiere climas templados.;No;No;No aplica;Antiinflamatorio-Desintoxicante-Remineralizante;Invierno (junio a agosto);Almacigo;3 cm;30 a 40 días;-;1 m;2 m;3 años;;;;;;Junio;Julio;Agosto;;;;;"Junio;Julio;Agosto"
69;Sí;Higuera;-33.6840764;-70.9505312;Zona 3: Bosque Comestible;images/zona3_bosque.png;Frutales;Ficus carica;Moraceas;Tolera suelos pobres y sequía. Prefiere climas cálidos y exposición al sol. Sensible al frío extremo.;No;No;No aplica;Laxante suave-Inflamación de encías-Ligeramente expectorante-Analgésico.;Invierno (junio a agosto);Almacigo;3 cm;30 a 40 días;-;3 m;4 m;3 años;;;;;;Junio;Julio;Agosto;;;;;"Junio;Julio;Agosto"
;Hemos tenido;"Kaki
";;;Zona 3: Bosque Comestible;images/zona3_bosque.png;Frutales;"Diospyros kaki
";Ebenáceas;Prefiere climas templados y suelos fértiles. Requiere riego moderado y exposición al sol.;No;No;No aplica;"Estreñimiento-Se usa para:Controlar niveles de colesterol-Sistema inmunológico-Hipertensión-Diarrea
Contiene:Vitaminas C,B1,B2,A";Primavera (septiembre a noviembre);Almacigo;3 cm;30 a 40 días;-;3 m;4 m;3 años;;;;;;;;;Septiembre;Octubre;Noviembre;;"Septiembre;Octubre;Noviembre"
;No;Kiwi;;;Zona 3: Bosque Comestible;images/zona3_bosque.png;Frutales;Actinidia deliciosa;Actinidaceas;Prefiere climas templados y suelos húmedos pero bien drenados. Necesita estructuras de soporte y polinización cruzada.;No;No;No aplica;Antioxidante-Controla el azúcar de  la sangre-Contiene:Vitamina C, Minerales:P-Fibra-Ácido fólico;Primavera (septiembre a noviembre);Almacigo;3 cm;30 a 40 días;-;2 m;3 m;4 años;;;;;;;;;Septiembre;Octubre;Noviembre;;"Septiembre;Octubre;Noviembre"
;Sí;Lima;;;Zona 3: Bosque Comestible;images/zona3_bosque.png;Frutales;Citrus aurantifolia;Rutaceas;Necesita suelos bien drenados y pleno sol. Riego moderado. Sensible a temperaturas frías.;No;No;No aplica;Diurético-Depurativa-Reconstituyente-Refuerza sistema inmune-Expectorante-Antiséptico;Primavera (septiembre a noviembre);Almacigo;3 cm;30 a 40 días;-;3 m;4 m;3 años;;;;;;;;;Septiembre;Octubre;Noviembre;;"Septiembre;Octubre;Noviembre"
;Sí;Limón;-33.6842794;-70.9505534;Zona 3: Bosque Comestible;images/zona3_bosque.png;Frutales;Citrus limon;Rutaceas;Requiere suelos fértiles y bien drenados. Sensible a las heladas y necesita riego constante. Prefiere pleno sol.;No;No;No aplica;Antiséptico-Antirreumático-Antibacteriano-Antioxidante-Febrífugo;Primavera (septiembre a noviembre);Almacigo;3 cm;30 a 40 días;-;2 m;3 m;3 años;;;;;;;;;Septiembre;Octubre;Noviembre;;"Septiembre;Octubre;Noviembre"
;Sí;Mandarina;;;Zona 3: Bosque Comestible;images/zona3_bosque.png;Frutales;Citrus reticulata;Rutaceas;Prefiere climas cálidos y suelos bien drenados. Necesita riego moderado y protección contra heladas.;No;No;No aplica;Antioxidante-Reduce riesgo de cáncer-Sirve para:Colesterol-Presión arterial-Salud de la piel-Contiene:Vit.C;Primavera (septiembre a noviembre);Almacigo;3 cm;30 a 40 días;-;1.5 m;3 m;3 años;;;;;;;;;Septiembre;Octubre;Noviembre;;"Septiembre;Octubre;Noviembre"
;No;Mango;;;Zona 3: Bosque Comestible;images/zona3_bosque.png;Frutales;Mangifera indica;Anacardaceas;Necesita climas cálidos y húmedos. Prefiere suelos bien drenados y riego moderado. Sensible a heladas.;No;No;No aplica;Vit.:C, A, E-Minerales:Mg, K, ácido tártico, málico-Previene enfermedades degenerativas-Fluidifica la sangre-Estimula defensas;Primavera (septiembre a noviembre);Almacigo;3 cm;30 a 40 días;-;3 m;4 m;3 años;;;;;;;;;Septiembre;Octubre;Noviembre;;"Septiembre;Octubre;Noviembre"
;Sí;"Manzano
";-33.6840589;-70.9503793;Zona 3: Bosque Comestible;images/zona3_bosque.png;Frutales;"Malus domestica
Malus punila";Rosaceas;Prefiere suelos fértiles y bien drenados. Necesita polinización cruzada y poda regular para mejorar la producción.;No;No;No aplica;"Reduce colesterol en la sangre-Controla presión arterial-Reduce riesgo de ataque cardiaco
";Invierno (junio a agosto);Almacigo;3 cm;30 a 40 días;-;3 m;4 m;3 años;;;;;;Junio;Julio;Agosto;;;;;"Junio;Julio;Agosto"
;Sí;Maqui;;;Zona 2: Paños de Cultivo;images/zona2_cultivos.png;Frutales;Aristotelia chilensis;Elaecocardaceas;Prefiere suelos húmedos y ricos en nutrientes. Necesita pleno sol o sombra parcial. Sensible a sequías prolongadas.;No;No;No aplica;Analgésico-Antiespasmódico-Antiséptico-Astringente-Antiinflamatorio;Invierno (junio a agosto);Almacigo;2 cm;30 días;-;1 m;2 m;3 años;;;;;;Junio;Julio;Agosto;;;;;"Junio;Julio;Agosto"
;Sí;Melón;;;Zona 2: Paños de Cultivo;images/zona2_cultivos.png;Frutales;Cucumis melo;Cucurbitaceas;Prefiere temperaturas cálidas y suelos arenosos. Evitar suelos con retención de agua.;No;No;No aplica;Depurativo-Antiinflamatorio-Reduce tensión arterial-Contiene:Vitaminas A,E,C,B9 y Minerales;Sept. a febrero;Dire/Alm;1 a 2 cm;3 a 7 días;30 a 40 días;50 cm;1 mt;120 días;Enero;Febrero;;;;;;;Septiembre;Octubre;Noviembre;Diciembre;"Enero;Febrero;Septiembre;Octubre;Noviembre;Diciembre"
;Sí;Membrillo;;;Zona 3: Bosque Comestible;images/zona3_bosque.png;Frutales;Cydonia oblonga;Rosaceas;Prefiere suelos fértiles y bien drenados. Requiere pleno sol y riego moderado.;No;No;No aplica;Astringente-Úlceras bucales, encías-Digestivo. Semillas:Bronquitis y laxante;Invierno (junio a agosto);Almacigo;3 cm;30 a 40 días;-;3 m;4 m;3 años;;;;;;Junio;Julio;Agosto;;;;;"Junio;Julio;Agosto"
;Sí;"Mora
";;;Zona 3: Bosque Comestible;images/zona3_bosque.png;Frutales;"Rubus fruticosus
";Rosaceas;Crece bien en suelos húmedos y ricos en materia orgánica. Requiere poda para un mejor control del crecimiento.;No;No;No aplica;"Vulneraria-Antibacteriana-Astringente-Antiinflamatoria-Diurética-Antiséptica-Laxante-Febrífuga-Analgésica
Externo:Úlceras de la piel, llagas, forúnculos, inflamaciones lengua, laringe, problemas de encías-Hemorroides";Invierno (junio a agosto);Almacigo;3 cm;30 a 40 días;-;2 m;3 m;3 años;;;;;;Junio;Julio;Agosto;;;;;"Junio;Julio;Agosto"
70;Sí;"Morera
";-33.6841457;-70.9503536;Zona 3: Bosque Comestible;images/zona3_bosque.png;Frutales;"Morus alba
Morus nigra";Moraceas;Prefiere suelos profundos y bien drenados. Necesita pleno sol para una mejor producción de frutos.;No;Sí;"Mg-Ca-K-P-Fe-Cu-Zn-Na
";"Hojas:Expectorante-Se usa para:Fiebre, ojos irritados.Inflamación de garganta, jaqueca,
mareos y vértigos-Hipoglicemiante";Invierno (junio a agosto);Almacigo;3 cm;30 a 40 días;-;3 m;4 m;3 años;;;;;;Junio;Julio;Agosto;;;;;"Junio;Julio;Agosto"
;Sí;Naranjo;;;Zona 3: Bosque Comestible;images/zona3_bosque.png;Frutales;Citrus sinensis;Rutaceas;Requiere suelos bien drenados y exposición al sol. Sensible a las heladas y necesita riego constante.;No;No;No aplica;Antioxidante-Digestivo-Depurativo-Sirve para:Prevención de diabetes-Cuidar la piel-Anemia-Contiene: Vit. C;Primavera (septiembre a noviembre);Almacigo;3 cm;30 a 40 días;-;1.5 m;3 m;3 años;;;;;;;;;Septiembre;Octubre;Noviembre;;"Septiembre;Octubre;Noviembre"
;No;Naranjo amargo;;;Zona 3: Bosque Comestible;images/zona3_bosque.png;Frutales;Citrus aurantium;Rutaceas;Prefiere suelos fértiles y bien drenados. Necesita pleno sol y riego moderado. Tolera mejor las heladas que otros cítricos.;No;No;No aplica;Tranquilizante-Antiespasmódico-Carminativa-Antifebrífugo-Hemostático-Ligeramente sedante;Primavera (septiembre a noviembre);Almacigo;3 cm;30 a 40 días;-;3 m;4 m;3 años;;;;;;;;;Septiembre;Octubre;Noviembre;;"Septiembre;Octubre;Noviembre"
;Sí;Níspero;-33.6840926;-70.9506009;Zona 3: Bosque Comestible;images/zona3_bosque.png;Frutales;Eriobotrya japonica;Rosaceas;Prefiere suelos bien drenados y exposición al sol. Tolera sequías moderadas y requiere riego moderado.;No;No;No aplica;Diurético-Reduce colesterol-Cuida el hígado-Reduce glucosa-Contiene:Vitaminas B, C y Minerales;Primavera (septiembre a noviembre);Almacigo;3 cm;30 a 40 días;-;3 m;4 m;3 años;;;;;;;;;Septiembre;Octubre;Noviembre;;"Septiembre;Octubre;Noviembre"
;Sí;"Nogal
";-33.684133;-70.9506107;Zona 3: Bosque Comestible;images/zona3_bosque.png;Frutales;"Juglans regia
";"Juglanceas
";Prefiere suelos profundos y bien drenados. Necesita espacio para su desarrollo y pleno sol. Sensible a heladas tardías.;No;No;No aplica;"Antimicótico-Astringente-Antibacteriano-Vermífugo-Hipoglicemiante-Tónico. Nuez:Vit.B,C,A,E-Minerales:P-K-
Afecta de forma positiva al cerebroAntioxidante-Hojas:Diarrea-Debilitamiento físico-Aperitiva-Diurética";Invierno (junio a agosto);Almacigo;5 cm;30 a 60 días;-;5 m;5 m;7 años;;;;;;Junio;Julio;Agosto;;;;;"Junio;Julio;Agosto"
71;Sí;Olivo;;;Zona 3: Bosque Comestible;images/zona3_bosque.png;Frutales;Olea europea;Oleaceas;Tolera suelos pobres y sequía. Prefiere climas cálidos y exposición al sol. Evitar suelos encharcados.;No;No;No aplica;Hojas: Baja tensión sanguinea-Ayuda a la circulacion-Diurética-Antidiabético;Invierno (junio a agosto);Almacigo;3 cm;30 a 40 días;-;5 m;6 m;5 años;;;;;;Junio;Julio;Agosto;;;;;"Junio;Julio;Agosto"
55;Sí;"Palto
";-33.6841966;-70.9505539;Zona 3: Bosque Comestible;images/zona3_bosque.png;Frutales;Persea americana ;Lauraceae;Prefiere suelos fértiles y bien drenados. Necesita riego constante y protección contra heladas.;No;No;No aplica;"Astringente-Carminativo-Antitusígeno-Favorece el flujo menstrual
Piel: Elimina lombrices. Pulpa: Emoliente-Carminatvo";Invierno (Junio - Agosto);Almacigo;5 cm;30 a 50 días;-;3 m;4 m;4 años;;;;;;Junio;Julio;Agosto;;;;;"Junio;Julio;Agosto"
;Sí;Parrón;-33.6842883;-70.9504175;Zona 3: Bosque Comestible;images/zona3_bosque.png;Frutales;Vitis vinifera ;Vitaceae;Necesita suelos bien drenados y exposición al sol. Requiere poda para mejorar producción y riego moderado.;No Información;No Información;No Información;;;-;-;-;-;-;-;-;;;;;;;;;;;;;
;Sí;Pepino de fruta;;;Zona 3: Bosque Comestible;images/zona3_bosque.png;Frutales;Solanum muricatum;Solanaceas;Prefiere suelos bien drenados y exposición al sol. Requiere riego moderado y protección contra heladas.;No;No;No aplica;Antioxidante-Antiinflamatorio-Elimina colesterol-Regula hipertensión;Primavera (septiembre a noviembre);Esquejes;-;15 a 20 días;-;50 cm;70 cm;120 días;;;;;;;;;Septiembre;Octubre;Noviembre;;"Septiembre;Octubre;Noviembre"
;Sí;Peral;-33.6840884;-70.9503446;Zona 3: Bosque Comestible;images/zona3_bosque.png;Frutales;Pyrus communis;Rosaceas;Prefiere suelos fértiles y bien drenados. Necesita exposición al sol y poda regular para mejorar la producción de frutos.;No;No;No aplica;Diurético-Antioxidante-Astringente-Antiinflamatorio-Laxante suave;Invierno (junio a agosto);Almacigo;3 cm;30 a 40 días;-;3 m;4 m;3 años;;;;;;Junio;Julio;Agosto;;;;;"Junio;Julio;Agosto"
;No;Pistacho;;;Zona 3: Bosque Comestible;images/zona3_bosque.png;Frutales;Pistacia vera;Anacardaceas;Prefiere climas cálidos y secos. Necesita suelos bien drenados y riego moderado. Requiere polinización cruzada.;No;No;No aplica;Antioxidante-Antiinflamatoria-Ayuda a: Controlar el peso-Salud cardiaca y el colesterol-Nivela el azúcar;Invierno (junio a agosto);Almacigo;4 cm;20 a 30 días;-;5 m;5 m;5 años;;;;;;Junio;Julio;Agosto;;;;;"Junio;Julio;Agosto"
;No;Pomelo;;;Zona 3: Bosque Comestible;images/zona3_bosque.png;Frutales;Citrus x paradisi;Rutaceas;Necesita suelos fértiles y bien drenados. Requiere pleno sol y riego regular. Sensible al frío.;No;No;No aplica;Antioxidante-Astringente-Antibacteriano-Regenera sistema inmune-Efecto laxante-Salud de encías;Primavera (septiembre a noviembre);Almacigo;3 cm;30 a 40 días;-;1.5 m;3 m;3 años;;;;;;;;;Septiembre;Octubre;Noviembre;;"Septiembre;Octubre;Noviembre"
;Sí;Sandía;;;Zona 2: Paños de Cultivo;images/zona2_cultivos.png;Frutales;Citrullus lanatus;Cucurbitaceas;Requiere temperaturas cálidas y exposición al sol. Prefiere suelos bien drenados.;No;No;No aplica;Diurético-Semillas ricas en vitamina E-Contiene 90% de agua;Sept. a febrero;Dire/Alm;2 a 3 cm;6 a 8 días;30 a 40 días;50 cm;1 mt;120 días;Enero;Febrero;;;;;;;Septiembre;Octubre;Noviembre;Diciembre;"Enero;Febrero;Septiembre;Octubre;Noviembre;Diciembre"
;Sí;"Tomate de árbol
";;;Zona 0: Viviendas;images/zona0_viviendas.png;Frutales;"Solanum betaceum
Cyphomandra betacea";Solanaceas;Prefiere suelos bien drenados y exposición al sol. Requiere protección contra heladas.;No;No;No aplica;"Sirve para:Afecciones de garganta y Gripe-Problemas hepáticos-Proporciona nutrientes
";Primavera (septiembre a noviembre);Almacigo;3 cm;30 a 40 días;-;3 m;4 m;3 años;;;;;;;;;Septiembre;Octubre;Noviembre;;"Septiembre;Octubre;Noviembre"
;No;Nopal;;;Zona 1: Visitas Frecuentes;images/zona1_visitas_frecuentes.png;Frutales;Opuntia ficus-indica;Cactaceas;Tolera suelos pobres y sequía. Prefiere pleno sol y riego ocasional.;No;Sí;Si-K;Frutos:Astringente-Contiene vitaminas y minerales. Palas:Emoliente-Diurética;Agosto - Octubre;Esquejes;-;20 a 30 días;-;1 m;2 m;1 año;;;;;;;;Agosto;Septiembre;Octubre;;;"Agosto;Septiembre;Octubre"
;Sí;"Uva
";;;Zona 2: Paños de Cultivo;images/zona2_cultivos.png;Frutales;"Vitis vinifera
";"Vitaceas
";Necesita suelos bien drenados y exposición al sol. Requiere poda para un mejor desarrollo.;No;No;No aplica;"Antioxidante-Sirve para:Mejorar circulación sanguinea-Fibriomalgia-Enfermedades piel(psoriasis y eczemas 
Hojas:Astringente-Antiinflmatorias-Úlceras bucales-Laxante bajo-Desintoxicante-Expectorante(pasas)";Invierno (junio a agosto);Estacas;-;20 a 30 días;-;1.5 m;2 m;3 años;;;;;;Junio;Julio;Agosto;;;;;"Junio;Julio;Agosto"
;Sí;Acelga;;;Zona 2: Paños de Cultivo;images/zona2_cultivos.png;Hortalizas y Verduras;Beta vulgaris;Amarantaceas;Prefiere suelos profundos y fértiles. Necesita riegos regulares pero moderados.;No;Sí;B;Diuretica-Colerético-Mejora sistema inmunológico-Mejora visión y piel-Contiene Hierro;Todo el año;Dire/alm;2 cm;7 a 9 días;20 a 40 días;20 cm;60 cm;90 días;Enero;Febrero;Marzo;Abril;Mayo;Junio;Julio;Agosto;Septiembre;Octubre;Noviembre;Diciembre;"Enero;Febrero;Marzo;Abril;Mayo;Junio;Julio;Agosto;Septiembre;Octubre;Noviembre;Diciembre"
;No;Achicoria;;;Zona 2: Paños de Cultivo;images/zona2_cultivos.png;Hortalizas y Verduras;Cichorium intybus;Asteraceas;Prefiere suelos ricos en nutrientes. Resistente a la sequía.;No;Sí;Mg-Ca-K-P-Fe-Cu;Hepatoprotector-Digestivo-Diurético-Laxante suave-Depurativo;Todo el año;Directa;0,5 cm;-;-;3 cm;30 cm;50 a 70 días;Enero;Febrero;Marzo;Abril;Mayo;Junio;Julio;Agosto;Septiembre;Octubre;Noviembre;Diciembre;"Enero;Febrero;Marzo;Abril;Mayo;Junio;Julio;Agosto;Septiembre;Octubre;Noviembre;Diciembre"
;Sí;Ají;;;Zona 2: Paños de Cultivo;images/zona2_cultivos.png;Hortalizas y Verduras;Capsicum annuum;Solanaceas;Necesita temperaturas cálidas y luz solar directa. Evitar exceso de humedad en el suelo.;No;Sí;Mg-K;Expectorante-Antioxidante-Cicatrizante-Antibacteriano-Se usa para:Piel-Contiene:Vit.A,C.;Julio a Agosto;Almacigo;-;-;-;40 cm;45 cm;60 a 90 días;;;;;;;Julio;Agosto;;;;;"Julio;Agosto"
2;Sí;Ajo;;;Zona 2: Paños de Cultivo;images/zona2_cultivos.png;Hortalizas y Verduras;"Allium sativum
";Aliaceas-Liliaceas (Amaryllidaceae);Punta de ajo hacia arriba;No;Sí;"S-P-Mn-Na-Ca
";"Antibiótico-Expectorante-Sudorífico-Baja la tensión sanguinea
Anticoagulante-Antidiabético-Vermífugo";Abril a Agosto;Directa;2 a 4 cm;-;-;10 cm;20 cm;180 días;;;;Abril;Mayo;Junio;Julio;Agosto;;;;;"Abril;Mayo;Junio;Julio;Agosto"
20;Sí;Alcachofa;;;Zona 2: Paños de Cultivo;images/zona2_cultivos.png;Hortalizas y Verduras;"Cynara scolymus
Cynara cardunculus";Asteraceas;Necesita suelos profundos y ricos en nutrientes. Requiere riego constante y pleno sol.;No;Sí;Mg-Ca-K-P-Fe-Cu-Na;"Protege el hígado-Estimula secreción de bilis-Baja niveles de colesterol-
Diurético.";Febrero y marzo;Hijuelos;4 cm;-;Agosto;70 cm;1 mt;80 a 90 días;;Febrero;Marzo;;;;;;;;;;"Febrero;Marzo"
5;Sí;Amaranto;;;Zona 2: Paños de Cultivo;images/zona2_cultivos.png;Hortalizas y Verduras;Amaranthus hypochondriacus;Amarantaceas;Tolera suelos pobres, prefiere pleno sol y riego moderado. Evitar encharcamientos.;No;Sí;K ;Astringente-Trata diarrea-Menstruación excesiva-Disentería-Gárgaras faringe;Septiembre - Octubre;Directa;1 cm;5 a 10 días;-;30 cm;60 cm;90 días;;;;;;;;;Septiembre;Octubre;;;"Septiembre;Octubre"
;Sí;Apio;;;Zona 2: Paños de Cultivo;images/zona2_cultivos.png;Hortalizas y Verduras;"Apio graveolens
";Umbelíferas-Apiaceas;Requiere suelos húmedos y ricos en materia orgánica. Evitar sequías prolongadas.;No;Sí;P;"Antirreumático-Carminativo-Antiespasmódico-Diurético
Baja la tensión sanguinea- Antiséptico urinario";Todo el año;Almacigo;0,2 cm;15 a 20 días;a los 70 días;30 cm;70 cm;70 días;Enero;Febrero;Marzo;Abril;Mayo;Junio;Julio;Agosto;Septiembre;Octubre;Noviembre;Diciembre;"Enero;Febrero;Marzo;Abril;Mayo;Junio;Julio;Agosto;Septiembre;Octubre;Noviembre;Diciembre"
;Sí;Berenjena;;;Zona 2: Paños de Cultivo;images/zona2_cultivos.png;Hortalizas y Verduras;"Solanum melongena
";Solanaceas;Sensible al frío, necesita temperaturas cálidas. Prefiere suelos ricos en nutrientes.;No;No;No aplica;"Antioxidante-Diurético-Emoliente-Fruto:Baja niveles de colesterol y regula tensión arterial
Sirve para:Combatir el cáncer-Combatir el envejecimiento celular-Infecciones virus y bacterias- Protege corazón";Sept. a Dic.;Almacigo;0,5 a 1 cm;5 a 10 días;50 a 60 días;40 cm;70 cm;90 días;;;;;;;;;Septiembre;Octubre;Noviembre;Diciembre;"Septiembre;Octubre;Noviembre;Diciembre"
;Sí;Betarragas;;;Zona 2: Paños de Cultivo;images/zona2_cultivos.png;Hortalizas y Verduras;Beta vulgaris;Aliaceas-Liliaceas (Amaryllidaceae);Prefiere suelos profundos y fértiles. Necesita riegos regulares pero moderados.;No;Sí;B;Remineralizante-Depurativo-Cardioprotector-Fortalece el sistema inmunológico;Agos. a Sept.;Almacigo;2 cm;-;-;15 cm;30 cm;90 días;;;;;;;;Agosto;Septiembre;;;;"Agosto;Septiembre"
;Sí;Brócoli;;;Zona 2: Paños de Cultivo;images/zona2_cultivos.png;Hortalizas y Verduras;Brassica oleracea var. italica;Boraginaceas;Prefiere climas frescos. Necesita suelos fértiles y riego regular.;No;Sí;P;Se usa para: Protege contra diabetes-Elimina toxinas-Protege la piel-Evita estreñimiento-Fuente de proteinas;Todo el año;Almacigo;0,5 a 1 cm;8 a 10 días;30 a 40 días;40 cm;-;-;Enero;Febrero;Marzo;Abril;Mayo;Junio;Julio;Agosto;Septiembre;Octubre;Noviembre;Diciembre;"Enero;Febrero;Marzo;Abril;Mayo;Junio;Julio;Agosto;Septiembre;Octubre;Noviembre;Diciembre"
;Sí;Cebolla tardía;;;Zona 2: Paños de Cultivo;images/zona2_cultivos.png;Hortalizas y Verduras;Allium cepa;Aliaceas-Liliaceas (Amaryllidaceae);Requiere suelos bien drenados y ricos en materia orgánica. Evitar el exceso de humedad.;No;Sí;S-Ca-Na;Antibacteriano-Digestivo-Diurético-Expectorante-Antioxidante;Abril;Almacigo;1 cm;8 a 10 días;A los 20 cm;15 cm;25 cm;100 días;;;;Abril;;;;;;;;;Abril
;No;Cebolla Temprana;;;Zona 2: Paños de Cultivo;images/zona2_cultivos.png;Hortalizas y Verduras;Allium cepa;Aliaceas-Liliaceas (Amaryllidaceae);Requiere suelos bien drenados y ricos en materia orgánica. Evitar el exceso de humedad.;No;Sí;S-Ca-Na;Antibacteriano-Digestivo-Diurético-Expectorante-Antioxidante;Oct. a Febrero;Almacigo;1 cm;8 a 10 días;A los 20 cm;15 cm;25 cm;100 días;Enero;Febrero;;;;;;;;Octubre;Noviembre;Diciembre;"Enero;Febrero;Octubre;Noviembre;Diciembre"
3;Sí;"Cebolla
";;;Zona 2: Paños de Cultivo;images/zona2_cultivos.png;Hortalizas y Verduras;"Allium cepa
";Aliaceas-Liliaceas (Amaryllidaceae);Necesita suelos sueltos y bien drenados. Evitar exceso de agua para prevenir pudrición. Prefiere clima templado.;No;Sí;"S-Ca-Na
";"Diurético-Antibiótico-Antiinflamatorio-Analgésico-Reduce hipertensión-Expectorante-Antirreumático
Contiene:Vitaminas A,B,C,E";Abril - Mayo;Almacigo;2 cm;7 a 14 días;-;20 cm;30 cm;90 días;;;;Abril;Mayo;;;;;;;;"Abril;Mayo"
;Hemos tenido;Coles de Bruselas;;;Zona 2: Paños de Cultivo;images/zona2_cultivos.png;Hortalizas y Verduras;Brassica oleracea var. gemnifera;Boraginaceas;Tolerante a bajas temperaturas. Requiere rotación de cultivos para evitar plagas.;No;Sí;P;Diurético-Previene cáncer-Ayuda sistema inmunológico-Contiene:Vit.C,E,B3,B2,B6,B1,B9 y Minerales;Abril a Noviem.;-;0,5 a 1 cm;8 a 10 días;90 días;-;-;150 días;;;;Abril;Mayo;Junio;Julio;Agosto;Septiembre;Octubre;Noviembre;;"Abril;Mayo;Junio;Julio;Agosto;Septiembre;Octubre;Noviembre"
;Sí;Coliflor;;;Zona 2: Paños de Cultivo;images/zona2_cultivos.png;Hortalizas y Verduras;Brassica oleracea var. Botritis;Boraginaceas;Prefiere climas frescos y suelos ricos. Susceptible a plagas como la mosca blanca.;No;Sí;P;Diurética-Se usa para:Reducir problemas cardiovasculares-Reduce presión arterial-Contra cáncer de colon-Refuerzas defensas;Todo el año;Almacigo;0,5 a 1 cm;5 a 6 días;a los 90 días;40 cm;70 cm;130 días;Enero;Febrero;Marzo;Abril;Mayo;Junio;Julio;Agosto;Septiembre;Octubre;Noviembre;Diciembre;"Enero;Febrero;Marzo;Abril;Mayo;Junio;Julio;Agosto;Septiembre;Octubre;Noviembre;Diciembre"
;No;Escarola;;;Zona 2: Paños de Cultivo;images/zona2_cultivos.png;Hortalizas y Verduras;Cichorium endivia;Asteraceas;Prefiere climas frescos y suelos bien drenados. Evitar la sequía prolongada.;No;Sí;Mg-Ca-K-P-Fe-Cu;Digestivo-Depurativo-Fuente de vitaminas A y C-Mejora la digestión;Todo el año;Dire/alm;1 a 1,5 cm;8 a 10 días;20 a 40 días;10 cm;30 cm;90 días;Enero;Febrero;Marzo;Abril;Mayo;Junio;Julio;Agosto;Septiembre;Octubre;Noviembre;Diciembre;"Enero;Febrero;Marzo;Abril;Mayo;Junio;Julio;Agosto;Septiembre;Octubre;Noviembre;Diciembre"
4;Sí;"Espárrago
";;;Zona 2: Paños de Cultivo;images/zona2_cultivos.png;Hortalizas y Verduras;"Asparagus officinalis
";Aliaceas-Liliaceas (Amaryllidaceae);Requiere suelos bien drenados y riego constante. Prefiere climas templados.;No;Sí;Mg-Ca-K-Mn-Fe;"Antioxidante-Aporta nutrientes-Elimina líquidos tóxicos-Diurético
";Septiembre a noviembre;Almacigo;10 cm;30 a 40 días;-;30 cm;50 cm;2 años;;;;;;;;;Septiembre;Octubre;Noviembre;;"Septiembre;Octubre;Noviembre"
6;Sí;Espinacas;;;Zona 2: Paños de Cultivo;images/zona2_cultivos.png;Hortalizas y Verduras;Spinacia oleracea;Amarantaceas;Prefiere climas frescos y suelos fértiles. Evitar altas temperaturas.;No;Sí;P;Antioxidante-Nivela glucosa-Reduce estrés oxidativo-Para:Presión arterial-Contiene: Vit. A-B-Nutrientes;Todo el año;Directa;1 a 2 cm;5 a 7 días;-;15 cm;30 cm;60 a 90 días;Enero;Febrero;Marzo;Abril;Mayo;Junio;Julio;Agosto;Septiembre;Octubre;Noviembre;Diciembre;"Enero;Febrero;Marzo;Abril;Mayo;Junio;Julio;Agosto;Septiembre;Octubre;Noviembre;Diciembre"
;Sí;"Espuela de galán-
Capuchina";;;Zona 2: Paños de Cultivo;images/zona2_cultivos.png;Hortalizas y Verduras;"Tropaleum majus
";"Tropeolaceas
";Requiere suelos fértiles y bien drenados. Prefiere sombra parcial y riego constante.;No;No;No aplica;"Antibiótica-Antisético-Semillas molidas son purgantes
";Primavera (septiembre a noviembre);Directa;1 cm;10 a 15 días;-;30 cm;50 cm;-;;;;;;;;;Septiembre;Octubre;Noviembre;;"Septiembre;Octubre;Noviembre"
;Sí;Lechuga;;;Zona 2: Paños de Cultivo;images/zona2_cultivos.png;Hortalizas y Verduras;Lactuca sativa;Asteraceas;Necesita riego constante y suelos bien drenados. Evitar el calor extremo.;No;Sí;Mg-Ca-K-P-Fe-Cu;Hipoglucemiante-Calmante sistema nervioso-Refrescante-Contiene:Vitaminas A,B,C-Minerales;Todo el año;Dire/alm;0,5 cm;7 a 8 días;20 a 40 días;20 cm;30 cm;90 días;Enero;Febrero;Marzo;Abril;Mayo;Junio;Julio;Agosto;Septiembre;Octubre;Noviembre;Diciembre;"Enero;Febrero;Marzo;Abril;Mayo;Junio;Julio;Agosto;Septiembre;Octubre;Noviembre;Diciembre"
;Sí;Lechuga mostaza;;;Zona 2: Paños de Cultivo;images/zona2_cultivos.png;Hortalizas y Verduras;Brassica rapa;Boraginaceas;Prefiere suelos fértiles y bien drenados. Requiere riego constante y prefiere climas frescos.;No;Sí;P;Desintoxicante-Antioxidante-Fuente de vitaminas C y K-Anti cancerígeno;Agosto - Octubre;Directa;0.5 cm;7 a 14 días;-;30 cm;50 cm;90 días;;;;;;;;Agosto;Septiembre;Octubre;;;"Agosto;Septiembre;Octubre"
;Sí;Papas;;;Zona 2: Paños de Cultivo;images/zona2_cultivos.png;Hortalizas y Verduras;Solanum tuberosum;Solanaceas;Requiere suelos sueltos y bien drenados. Evitar suelos muy húmedos para prevenir enfermedades.;No;No;No aplica;Úlceras pépticas-Calma dolores de articulaciones y de espalda-Jaqueca;Agosto a Sept.;Directa;7 a 8 cm;20 a 40 días;-;30 cm;70 cm;90 días;;;;;;;;Agosto;Septiembre;Octubre;;;"Agosto;Septiembre;Octubre"
;No;Papas tardias;;;Zona 2: Paños de Cultivo;images/zona2_cultivos.png;Hortalizas y Verduras;Solanum tuberosum;Solanaceas;Requiere suelos sueltos y bien drenados. Evitar suelos muy húmedos para prevenir enfermedades.;No;No;No aplica;Úlceras pépticas-Calma dolores de articulaciones y de espalda-Jaqueca;Agosto a Sept.;Directa;7 a 8 cm;20 a 40 días;-;30 cm;70 cm;90 días;;;;;;;;Agosto;Septiembre;;;;"Agosto;Septiembre"
;No;Papas tempranas;;;Zona 2: Paños de Cultivo;images/zona2_cultivos.png;Hortalizas y Verduras;Solanum tuberosum;Solanaceas;Requiere suelos sueltos y bien drenados. Evitar suelos muy húmedos para prevenir enfermedades.;No;No;No aplica;Úlceras pépticas-Calma dolores de articulaciones y de espalda-Jaqueca;Febrero a Mar.;Directa;7 a 8 cm;20 a 40 días;-;30 cm;70 cm;90 días;;Febrero;Marzo;;;;;;;;;;"Febrero;Marzo"
;Sí;Pepino de ensalada;;;Zona 2: Paños de Cultivo;images/zona2_cultivos.png;Hortalizas y Verduras;Cucumis sativum;Cucurbitaceas;Necesita suelos húmedos pero bien drenados. Requiere tutores para un mejor crecimiento.;No;No;No aplica;Hidratante cutáneo-Diurético-Sirve para problemas renales;Sept. a Dic.;Dire/Alm;1 a 2 cm;3 a 7 días;30 a 40 días;40 cm;1 mt;120 días;;;;;;;;;Septiembre;Octubre;Noviembre;Diciembre;"Septiembre;Octubre;Noviembre;Diciembre"
;Sí;"Puerro
";;;Zona 2: Paños de Cultivo;images/zona2_cultivos.png;Hortalizas y Verduras;"Allium ampelopresum var. porrum
";Aliaceas-Liliaceas (Amaryllidaceae);Necesita suelos ricos en nutrientes y riego constante. Evitar suelos encharcados.;No;No;No aplica;"Depurativo-Respiratorio-Reduce colesterol-Mejora circulación-Contiene:Vitaminas C,B6 y Minerales
";Sept. a Mayo;Almacigo;1 a 2 cm;10 a 12 días;15 a 20 cm;10 cm;30 cm;120 días;Enero;Febrero;Marzo;Abril;Mayo;;;;Septiembre;Octubre;Noviembre;Diciembre;"Enero;Febrero;Marzo;Abril;Mayo;Septiembre;Octubre;Noviembre;Diciembre"
;Sí;Rabanitos;;;Zona 2: Paños de Cultivo;images/zona2_cultivos.png;Hortalizas y Verduras;Raphanus sativus;Brassicaceae;Cultivo rápido. Prefiere suelos sueltos y bien drenados.;No;Sí;P;Depurativo-Digestivo-Estimulante hepático-Rico en antioxidantes;Todo el año;Directa;0,5 a 1 cm;4 a 6 días;-;5 cm;40 cm;60 días;Enero;Febrero;Marzo;Abril;Mayo;Junio;Julio;Agosto;Septiembre;Octubre;Noviembre;Diciembre;"Enero;Febrero;Marzo;Abril;Mayo;Junio;Julio;Agosto;Septiembre;Octubre;Noviembre;Diciembre"
;No;Repollo de invierno;;;Zona 2: Paños de Cultivo;images/zona2_cultivos.png;Hortalizas y Verduras;Brassica oleracea var. capitata;Brassicaceae;Prefiere climas frescos. Evitar suelos compactos y mantener riego regular.;No;Sí;P;Antiinflamatorio-Refuerza el sistema inmunológico-Rico en antioxidantes y vitaminas C y K;Todo el año;Almacigo;0,5 a 1 cm;5 a 6 días;30 a 40 días;40 cm;60 cm;100 días;Enero;Febrero;Marzo;Abril;Mayo;Junio;Julio;Agosto;Septiembre;Octubre;Noviembre;Diciembre;"Enero;Febrero;Marzo;Abril;Mayo;Junio;Julio;Agosto;Septiembre;Octubre;Noviembre;Diciembre"
;Sí;Rúcula;;;Zona 2: Paños de Cultivo;images/zona2_cultivos.png;Hortalizas y Verduras;Eruca versicaria;Boraginaceas;Crece en suelos ligeros y bien drenados. Prefiere pleno sol y riego moderado. Evitar temperaturas extremas.;No;Sí;P;Desintoxicante-Baja nivel de colesterol-Se usa para:Contra cáncer-Facilita digestión-Contiene: Vit.K,A,B9;Todo el año;Directa;0.5 cm;7 a 14 días;-;30 cm;50 cm;90 días;Enero;Febrero;Marzo;Abril;Mayo;Junio;Julio;Agosto;Septiembre;Octubre;Noviembre;Diciembre;"Enero;Febrero;Marzo;Abril;Mayo;Junio;Julio;Agosto;Septiembre;Octubre;Noviembre;Diciembre"
;Sí;Tomate;;;Zona 2: Paños de Cultivo;images/zona2_cultivos.png;Hortalizas y Verduras;"Solanum sculentum
Lycopericom lycopersicum";Solanaceas;Requiere tutores para un mejor desarrollo. Sensible al frío.;No;No;No aplica;"Antioxidante-Reduce colesterol-Diurético-Sirve para:Cuidar la piel-Evita estreñimiento
Contiene vitaminas y minerales";Agos. a Sept.;Almacigo;0,5 - 1 cm;5 a 8 días;Nov. a Dic;50 cm;1 mt;90 días;;;;;;;;Agosto;Septiembre;;;;"Agosto;Septiembre"
16;Sí;Topinambur;;;Zona 2: Paños de Cultivo;images/zona2_cultivos.png;Hortalizas y Verduras;Helianthus tuberosus;Asteraceas;Raíz comestible;No;Sí;Mg-Ca-P-Zn;Sirve para:Diabéticos-Reumatismo-retención de líquidos;Septiembre - Octubre;Directa;5 cm;7 a 14 días;-;50 cm;70 cm;120 días;;;;;;;;;Septiembre;Octubre;;;"Septiembre;Octubre"
77;Sí;Verdolaga;;;Zona 2: Paños de Cultivo;images/zona2_cultivos.png;Hortalizas y Verduras;Portula oleracea;Portulaceas;Tolera suelos pobres y secos. Requiere pleno sol y riego moderado.;No;Sí;Mg-Ca-K-P-Mn-Fe;Diurético-Calma problemas gastrointestinales-Ayuda a bajar fiebre-Antibiótica;Septiembre - Diciembre;Directa;1 cm;10 a 15 días;-;30 cm;50 cm;-;;;;;;;;;Septiembre;Octubre;Noviembre;Diciembre;"Septiembre;Octubre;Noviembre;Diciembre"
;Sí;Yuyo;;;Zona 2: Paños de Cultivo;images/zona2_cultivos.png;Hortalizas y Verduras;Brassica campestris;Boraginaceas;Requiere suelos fértiles y bien drenados. Prefiere climas frescos.;No;Sí;P;Zumo toda la planta contra diabetes-Desinfectante de la boca;Agosto - Octubre;Directa;0.5 cm;7 a 14 días;-;30 cm;50 cm;90 días;;;;;;;;Agosto;Septiembre;Octubre;;;"Agosto;Septiembre;Octubre"
;Sí;Zanahoria;;;Zona 2: Paños de Cultivo;images/zona2_cultivos.png;Hortalizas y Verduras;Daucus carota;Umbelíferas-Apiaceas;Prefiere suelos sueltos y profundos. Evitar suelos pedregosos para un mejor desarrollo.;No;Sí;Hojas: Mg-K;Diurético-Desintoxicante-Para la vista-Digestión-Hipoglicemiante(diabético);Todo el año;Directa;1 a 2 cm;12 a 15 días;-;5 cm;20 cm;120 días;Enero;Febrero;Marzo;Abril;Mayo;Junio;Julio;Agosto;Septiembre;Octubre;Noviembre;Diciembre;"Enero;Febrero;Marzo;Abril;Mayo;Junio;Julio;Agosto;Septiembre;Octubre;Noviembre;Diciembre"
;Sí;Zapallo;;;Zona 2: Paños de Cultivo;images/zona2_cultivos.png;Hortalizas y Verduras;Cucurbita maxima;Cucurbitaceas;Requiere espacio para su desarrollo. Prefiere suelos ricos y bien drenados.;No;No;No aplica;Cicatrices-Afecciones cutáneas-Quemaduras-Acné.;Sept. a Dic.;Directa;2 cm;5 a 10 días;-;1 mt;2 mt;200 días;;;;;;;;;Septiembre;Octubre;Noviembre;Diciembre;"Septiembre;Octubre;Noviembre;Diciembre"
;Sí;Zapallo italiano;;;Zona 2: Paños de Cultivo;images/zona2_cultivos.png;Hortalizas y Verduras;Cucurbita pepo;Cucurbitaceas;Prefiere temperaturas cálidas y suelos bien drenados. Necesita riego frecuente en floración.;No;No;No aplica;Antioxidante-Sirve para:Hipertensión-Fortalece los ojos-Fuente de minerales-Contiene 95% de agua;Sept. a Enero;Dire/Alm;2 cm;5 a 10 días;30 a 40 días;80 cm;1 mt;100 días;Enero;;;;;;;;Septiembre;Octubre;Noviembre;Diciembre;"Enero;Septiembre;Octubre;Noviembre;Diciembre"
17;Sí;Alfalfa;;;Zona 2: Paños de Cultivo;images/zona2_cultivos.png;Legumbres y Granos;Medicago sativa;Leguminosas-Fabaceas;Prefiere suelos bien drenados y exposición al sol. Tolera la sequía moderadamente.;Sí;Sí;P-Fe;Se usa para convalecientes-Menstruación y menopausia;Primavera (septiembre a noviembre);Directa;2 cm;7 a 10 días;-;20 cm;30 cm;90 días;;;;;;;;;Septiembre;Octubre;Noviembre;;"Septiembre;Octubre;Noviembre"
24;Sí;Arvejas;;;Zona 2: Paños de Cultivo;images/zona2_cultivos.png;Legumbres y Granos;Pisum sativum;Leguminosas-Fabaceas;Resistente a bajas temperaturas. Necesita tutores para un crecimiento óptimo.;Sí;Sí;Mg-Ca-K-P-Fe-Cu;Antioxidante-Aporta:Fibra-Vitaminas B-C-A-Minerales;Mayo a Agosto;Directa;2 cm;-;-;40 cm;40 cm;90 días;;;;;Mayo;Junio;Julio;Agosto;;;;;"Mayo;Junio;Julio;Agosto"
39;Sí;"Choclo-Maiz
";;;Zona 2: Paños de Cultivo;images/zona2_cultivos.png;Legumbres y Granos;"Zea mays
";"Gramineas
Poaceas";Requiere suelos fértiles y profundos. Sensible a la sequía durante la floración.;No;Sí;Mg-Ca-K-P-Fe-Cu-Zn-Na;"Demulcente urinario-Diurético-Estimula levemente la secrecion biliar-
Baja la tensión sanguinea";Sept. a Dicemb.;Directa;2 a 3 cm;-;-;30 cm;60 cm;120 días;;;;;;;;;Septiembre;Octubre;Noviembre;Diciembre;"Septiembre;Octubre;Noviembre;Diciembre"
;Sí;Garbanzos;;;Zona 2: Paños de Cultivo;images/zona2_cultivos.png;Legumbres y Granos;Cicer arietinum;Leguminosas-Fabaceas;Requiere suelos secos y bien drenados. Tolera la sequía.;Sí;Sí;Mg-Ca-K-P-Fe-Cu;Diurético-Antidepresivo-Favorece transito intestinal-Controla hipertensión;Sept. a Octubre;Directa;5 a 6 cm;10 a 15 días;-;40 cm;40 cm;110 días;;;;;;;;;Septiembre;Octubre;;;"Septiembre;Octubre"
;Sí;Habas;;;Zona 2: Paños de Cultivo;images/zona2_cultivos.png;Legumbres y Granos;Vicia faba;Leguminosas-Fabaceas;Tolera bajas temperaturas, ideal para siembra en otoño. Necesita soporte en su crecimiento.;Sí;Sí;Mg-Ca-K-P-Fe-Cu;Diurética-Depurativa-Antirreumática-Reduce colesterol;Abril a Junio;Directa;3 a 4 cm;-;-;25 cm;30 cm;90 días;;;;Abril;Mayo;Junio;;;;;;;"Abril;Mayo;Junio"
;Sí;Lenteja;;;Zona 2: Paños de Cultivo;images/zona2_cultivos.png;Legumbres y Granos;Lens culinaris/esculenta;Leguminosas-Fabaceas;Prefiere suelos ligeros y bien drenados. Necesita riego moderado y pleno sol.;Sí;Sí;Mg-Ca-K-P-Fe-Cu;Antianémica-Contiene:Proteinas y Minerales-Gran fuente de energía;Otoño (marzo a mayo);Directa;2 a 4 cm;7 a 10 días;-;20 cm;40 cm;90 días;;;Marzo;Abril;Mayo;;;;;;;;"Marzo;Abril;Mayo"
58;Sí;"Mani
";;;Zona 2: Paños de Cultivo;images/zona2_cultivos.png;Legumbres y Granos;"Arachis hypogaea
";Leguminosas-Fabaceas;Requiere suelos sueltos y bien drenados. Prefiere climas cálidos y riego constante.;Sí;Sí;Mg-Ca-K-P-Fe-Cu;"Antioxidante-Equilibra colesterol-Fortalece sistema inmune-Estimula el crecimiento y desarrollo
Contiene vitaminas y mienerales- Protege la piel-Previene enfermedades cardiovasculares";Septiembre - Noviembre;Directa;5 cm;7 a 14 días;-;20 cm;50 cm;150 días;;;;;;;;;Septiembre;Octubre;Noviembre;;"Septiembre;Octubre;Noviembre"
;No;Poroto verde, judía, chaucha;;;Zona 2: Paños de Cultivo;images/zona2_cultivos.png;Legumbres y Granos;Phaseolus vulgaris;Fabaceae;Para que la recolección sea escalonada se deben hacer siembras cada 2 o 3 semanas;No;Sí;Mg-Ca-K-P-Fe-Cu;Diurético-Hipoglucemiante-Reductor de colesterol-Remineralizante;Sept. a Enero;Directa;3.5 cm;7 a 8 días;-;30 cm;50 cm;80 días;Enero;;;;;;;;Septiembre;Octubre;Noviembre;Diciembre;"Enero;Septiembre;Octubre;Noviembre;Diciembre"
;Sí;Porotos;;;Zona 2: Paños de Cultivo;images/zona2_cultivos.png;Legumbres y Granos;Phaseolus vulgaris;Leguminosas-Fabaceas;Requiere suelos bien drenados y temperaturas cálidas. Necesita soporte para variedades trepadoras.;Sí;Sí;Mg-Ca-K-P-Fe-Cu;Las cáscaras sirven para bajar la glucosa en la sangre(diabéticos);Octubre a Enero;Directa;3 a 5 cm;7 a 10 días;-;30 cm;50 cm;-;Enero;;;;;;;;;Octubre;Noviembre;Diciembre;"Enero;Octubre;Noviembre;Diciembre"
;Sí;Quinoa;;;Zona 2: Paños de Cultivo;images/zona2_cultivos.png;Legumbres y Granos;Chenopodium quinoa;Amarantaceas;Al boleo, siembra contin.;Sí;Sí;Mg-Ca-K-P-Fe-Cu;Se usa para: Celiacos-Estreñimiento-Para diabéticos-Contiene:Proteínas, Minerales,Vitaminas B,E;Agosto a Sept.;Directa;2,5 cm;24 horas;-;-;40 cm;90 a 125 días;;;;;;;;Agosto;Septiembre;;;;"Agosto;Septiembre"
19;Sí;"Ajenjo
";;;Zona 1: Visitas Frecuentes;images/zona1_visitas_frecuentes.png;Plantas Aromáticas y Medicinales;"Artemisia Absinthium
";Asteraceas;Prefiere suelos secos y bien drenados. Tolera la sequía y requiere pleno sol. Evitar suelos húmedos.;No;Sí;K-P-Cu;"Amargo-Estimula secreción de bilis-Antiinflamatorio
Vermífugo-Antidepresivo suave-Calma dolor de estomago";Primavera (septiembre a noviembre);Directa;0.5 cm;7 a 14 días;-;30 cm;50 cm;-;;;;;;;;;Septiembre;Octubre;Noviembre;;"Septiembre;Octubre;Noviembre"
47;Sí;Albahaca;;;Zona 1: Visitas Frecuentes;images/zona1_visitas_frecuentes.png;Plantas Aromáticas y Medicinales;"Ocimun basilicum
";Labiadas-Lamiaceas;Prefiere temperaturas cálidas y suelos bien drenados. No tolera heladas.;No;Sí;Mg-K;"Digestivo-Carminativo-Ligeramente sedante-Para la depresión-Tos ferina
Galactógeno-Antibacteriano";Agosto a Sept.;Almacigo;0,5 a 1 cm;10 a 15 días;Sept. a Nov.;25 cm;60 cm;80 días;;;;;;;;Agosto;Septiembre;;;;"Agosto;Septiembre"
0;Sí;Aloe Vera;;;Zona 1: Visitas Frecuentes;images/zona1_visitas_frecuentes.png;Plantas Aromáticas y Medicinales;Aloe vera;Xanthorrhoeaceae;Tolera suelos arenosos y sequía. Necesita pleno sol y riego ocasional. Sensible al exceso de humedad.;No;No;No aplica;Cicatrizante-Emoliente-Estimula la secreción de bilis- Laxante;Primavera (septiembre a noviembre);Esquejes;-;20 a 30 días;-;50 cm;70 cm;-;;;;;;;;;Septiembre;Octubre;Noviembre;;"Septiembre;Octubre;Noviembre"
13;Sí;"Artemisa-Matricaria
";;;Zona 1: Visitas Frecuentes;images/zona1_visitas_frecuentes.png;Plantas Aromáticas y Medicinales;"Tanacetum parthenium
Tanacetum vulgare";Asteraceas;Prefiere suelos fértiles y bien drenados. Requiere pleno sol y riego moderado.;No;No;No aplica;"Análgesico-Febrífugo-Antirreumático-Favorece el flujo menstrual-Amargo
";Primavera (septiembre a noviembre);Directa;0.5 cm;10 a 15 días;-;30 cm;50 cm;-;;;;;;;;;Septiembre;Octubre;Noviembre;;"Septiembre;Octubre;Noviembre"
;Sí;Boldo;-33.6844134;-70.9505205;Zona 1: Visitas Frecuentes;images/zona1_visitas_frecuentes.png;Plantas Aromáticas y Medicinales;Peumus boldus ;Monimiaceae;Tolera suelos pobres y secos. Prefiere pleno sol y riego moderado.;No;No;No aplica;Laxante suave-Antiinflamatorio-Protector hepático-Digestivo;Invierno (junio a agosto);Almacigo;2 cm;30 a 40 días;-;3 m;4 m;-;;;;;;Junio;Julio;Agosto;;;;;"Junio;Julio;Agosto"
27;No;"Bolsa de pastor
Mastuerzo";;;Zona 1: Visitas Frecuentes;images/zona1_visitas_frecuentes.png;Plantas Aromáticas y Medicinales;"Capsella bursa-pastoris
";Boraginaceas;Crece en suelos pobres y tolera condiciones adversas. Puede ser invasiva.;No;Sí;Mg-Ca-K-P-Fe-Cu;"Hemostático-Astringente-Antidiarreico-Emenagogo
";Agosto - Octubre;Directa;0.5 cm;7 a 14 días;-;30 cm;50 cm;-;;;;;;;;Agosto;Septiembre;Octubre;;;"Agosto;Septiembre;Octubre"
25;Sí;Borraja;;;Zona 1: Visitas Frecuentes;images/zona1_visitas_frecuentes.png;Plantas Aromáticas y Medicinales;Borago officinalis;Boraginaceas;Prefiere suelos húmedos y bien drenados. Necesita exposición al sol y riego moderado.;No;Sí;Si-K;Demulcente-Emoliente-Sudorífica(flores)-Diurética(hojas);Agosto - Octubre;Directa;1 cm;7 a 14 días;-;30 cm;50 cm;-;;;;;;;;Agosto;Septiembre;Octubre;;;"Agosto;Septiembre;Octubre"
21;Sí;"Caléndula-Chinita
";;;Zona 1: Visitas Frecuentes;images/zona1_visitas_frecuentes.png;Plantas Aromáticas y Medicinales;"Calendula officinalis
";Asteraceas;Prefiere suelos fértiles y bien drenados. Tolera climas frescos y necesita pleno sol o sombra parcial.;No;Sí;"Hojas:
P";"Antiinflamatorio-Alivia espasmos musculares-Astringente
Evita hemorragia-Cicatrizante-Antiséptico-Desintoxicante";Primavera (septiembre a noviembre);Directa;1 cm;7 a 14 días;-;30 cm;50 cm;-;;;;;;;;;Septiembre;Octubre;Noviembre;;"Septiembre;Octubre;Noviembre"
54;No;"Canela
";;;Zona 1: Visitas Frecuentes;images/zona1_visitas_frecuentes.png;Plantas Aromáticas y Medicinales;"Cinnamomum verum
Cinnamomum zeylanicum";Lauraceas;Prefiere climas cálidos y húmedos. Necesita suelos bien drenados y exposición parcial al sol.;No;No;No aplica;"Estimulante calorífico-Carminativo-Antiespasmódico-
Antiséptico- Antiviral";Primavera (septiembre a noviembre);Almacigo;3 cm;30 a 40 días;-;3 m;4 m;4 años;;;;;;;;;Septiembre;Octubre;Noviembre;;"Septiembre;Octubre;Noviembre"
;Sí;"Cedrón
";-33.6844565;-70.9505563;Zona 1: Visitas Frecuentes;images/zona1_visitas_frecuentes.png;Plantas Aromáticas y Medicinales;Aloysia citrodora ;Verbenaceae;Prefiere suelos fértiles y bien drenados. Requiere pleno sol y riego moderado.;No;No;No aplica;"Calmante y digestivo-Sedante suave
";Primavera (septiembre a noviembre);Esquejes;-;20 a 30 días;-;50 cm;70 cm;-;;;;;;;;;Septiembre;Octubre;Noviembre;;"Septiembre;Octubre;Noviembre"
;Sí;"Ciboulette
";;;Zona 1: Visitas Frecuentes;images/zona1_visitas_frecuentes.png;Plantas Aromáticas y Medicinales;"Allium schoenoprasum
";Aliaceas-Liliaceas (Amaryllidaceae);Prefiere suelos bien drenados y exposición al sol. Tolera climas frescos y riego moderado.;No;Sí;"S-Ca-Na
";"Diurético-Hipertensivo-Contra parásitos intestinales-Flatulencias-Evita resfríos-Obstrucciones nasales
";Abril - Mayo;Almacigo;1 cm;10 a 14 días;-;20 cm;30 cm;90 días;;;;Abril;Mayo;;;;;;;;"Abril;Mayo"
;Sí;Cilantro;;;Zona 1: Visitas Frecuentes;images/zona1_visitas_frecuentes.png;Plantas Aromáticas y Medicinales;Coriandrum sativum;Umbelíferas-Apiaceas;Crece mejor en climas templados. Evitar el calor extremo para prevenir floración temprana.;No;No;No aplica;Bactericida-Se usa para:Combatir colesterol-Contra gripe-Contiene:Vitaminas A,C y Minerales.;Agosto a Sept.;Directo;2 cm;30 días;-;2 cm;30 cm;90 días;;;;;;;;Agosto;Septiembre;;;;"Agosto;Septiembre"
34;Sí;"Cola de caballo
";;;Zona 1: Visitas Frecuentes;images/zona1_visitas_frecuentes.png;Plantas Aromáticas y Medicinales;"Equisetum arvenge
Equisetum bogotense";"Equisetaceas
";Prefiere suelos húmedos y sombra parcial. Tolera condiciones de humedad extrema. Puede ser invasiva.;No;No;No aplica;"Coagulador-Astringente-Diurética-Antirreumática-Hinchazón de pies-Cicatrizante de tejidos
";Agosto - Octubre;Esquejes;-;20 a 30 días;-;40 cm;60 cm;-;;;;;;;;Agosto;Septiembre;Octubre;;;"Agosto;Septiembre;Octubre"
26;Sí;Consuelda;;;Zona 1: Visitas Frecuentes;images/zona1_visitas_frecuentes.png;Plantas Aromáticas y Medicinales;Symphytum offinale;Boraginaceas;Prefiere suelos húmedos y ricos en materia orgánica. Evitar la exposición al sol directo prolongado.;No;Sí;Mg-Ca-K-P-Fe-Cu;Demulcente-Astringente-Antiinflamatorio-Cicatriza heridas y huesos. Externo;Septiembre - Octubre;Directa;0.5 cm;10 a 14 días;-;30 cm;50 cm;90 días;;;;;;;;;Septiembre;Octubre;;;"Septiembre;Octubre"
60;Sí;"Culén
";;;Zona 3: Visitas Frecuentes;images/zona3_bosque.png;Plantas Aromáticas y Medicinales;"Psoralea glandulosa
Otholobium glandulosom";Leguminosas-Fabaceas;Prefiere suelos bien drenados y exposición al sol. Tolera condiciones secas.;Sí;Sí;Mg-Ca-K-P-Fe-Cu;"Tronco y hojas:Indigestiones-Diarrea-Molestias del estómago-Antipirético-Antibacteriano-Vulnerario
Astringente";Agosto - Octubre;Directa;2 cm;10 a 14 días;-;1 m;2 m;-;;;;;;;;Agosto;Septiembre;Octubre;;;"Agosto;Septiembre;Octubre"
29;No;"Cúrcuma
";;;Zona 1: Visitas Frecuentes;images/zona1_visitas_frecuentes.png;Plantas Aromáticas y Medicinales;"Curcuma longa
Curcuma domestica";"Cingiberaceas
";Necesita suelos ricos en materia orgánica y riego constante. Prefiere climas cálidos y húmedos.;No;No;No aplica;"Estimula secreción de bilis-Antiinflamatorio-
Calma dolor de estómago-Antioxidante-Antibacteriano";Septiembre - Noviembre;Rizomas;5 cm;20 a 30 días;-;30 cm;60 cm;8 meses;;;;;;;;;Septiembre;Octubre;Noviembre;;"Septiembre;Octubre;Noviembre"
14;Sí;Diente de león;;;Zona 1: Visitas Frecuentes;images/zona1_visitas_frecuentes.png;Plantas Aromáticas y Medicinales;Taraxacum officinale;Asteraceas;Planta resistente, crece en diversos tipos de suelo. Prefiere sol o sombra parcial.;No;Sí;Mg-Ca-K-P-Fe-Cu-Na-Si;Hoja:Diurético-Raiz:Desintoxicante-Amargo-Sirve para hígado y vesícula;Agosto - Octubre;Directa;0.5 cm;7 a 14 días;-;30 cm;50 cm;-;;;;;;;;Agosto;Septiembre;Octubre;;;"Agosto;Septiembre;Octubre"
38;Sí;Fumaria;;;Zona 1: Visitas Frecuentes;images/zona1_visitas_frecuentes.png;Plantas Aromáticas y Medicinales;Fumaria officinalis;Fumariaceas;Crece en suelos húmedos y bien drenados. Prefiere sombra parcial y riego moderado.;No;Sí;S-Mg-K-Fe;Estimulante del hígado y vesícula-Para afecciones de la piel y eczemas-Diurético;Agosto - Octubre;Directa;0.5 cm;7 a 14 días;-;30 cm;50 cm;-;;;;;;;;Agosto;Septiembre;Octubre;;;"Agosto;Septiembre;Octubre"
56;Sí;Galega;;;Zona 1: Visitas Frecuentes;images/zona1_visitas_frecuentes.png;Plantas Aromáticas y Medicinales;Galega officinalis;Leguminosas-Fabaceas;Prefiere suelos fértiles y húmedos. Requiere riego constante y sombra parcial.;Sí;Sí;P;Antidiabética(reduce azucar)-Vermífuga-Galactógena-Diurético-Sudorífica;Primavera (septiembre a noviembre);Directa;1 cm;7 a 14 días;-;30 cm;50 cm;-;;;;;;;;;Septiembre;Octubre;Noviembre;;"Septiembre;Octubre;Noviembre"
37;Sí;"Hierba del paño
Gordolobo";;;Zona 1: Visitas Frecuentes;images/zona1_visitas_frecuentes.png;Plantas Aromáticas y Medicinales;"Verbascum thapsus
";Escrufulaceas;Tolera suelos pobres y secos. Prefiere pleno sol y riego ocasional.;No;Sí;"S-Mg-K-Fe
";"Sirve para: Tos, Catarro y Bronquitis-Expectorante-Externo:Emoliente-Cicatrizante
";Agosto - Octubre;Directa;0.5 cm;10 a 15 días;-;30 cm;50 cm;-;;;;;;;;Agosto;Septiembre;Octubre;;;"Agosto;Septiembre;Octubre"
57;Sí;Hinojo;;;Zona 1: Visitas Frecuentes;images/zona1_visitas_frecuentes.png;Plantas Aromáticas y Medicinales;Foeniculum vulgare;Umbelíferas-Apiaceas;Prefiere suelos ligeros y bien drenados. Requiere pleno sol y riego moderado.;Sí;Sí;S-K-P-Na;Carminativo-Diurético-Antiinflamatorio-Galactógeno-Inflamación oculares.;Primavera (septiembre a noviembre);Directa;0.5 cm;10 a 14 días;-;30 cm;50 cm;90 días;;;;;;;;;Septiembre;Octubre;Noviembre;;"Septiembre;Octubre;Noviembre"
30;Hemos tenido;"Jengibre
";;;Zona 2: Paños de Cultivo;images/zona2_cultivos.png;Plantas Aromáticas y Medicinales;"Zingiber offinale
";"Cingiberaceas
";Necesita suelos ricos en materia orgánica y húmedos. Prefiere climas cálidos y sombra parcial.;No;Sí;S-Mg-K-Fe;"Antiemético(mareos)-Carminativo-Estimulante circulatorio-Evita la tos-
antiinflamatorio-Antiséptico";Septiembre - Noviembre;Esquejes;5 cm;20 a 30 días;-;30 cm;60 cm;8 a 10 meses;;;;;;;;;Septiembre;Octubre;Noviembre;;"Septiembre;Octubre;Noviembre"
53;Sí;Laurel;;;Zona 1: Visitas Frecuentes;images/zona1_visitas_frecuentes.png;Plantas Aromáticas y Medicinales;Laurus nobilis;Lauraceas;Prefiere suelos fértiles y húmedos, pero bien drenados. Tolera sombra parcial y necesita riego moderado.;No;No;No aplica;Digestivo-Calma dolores artríticos-Efecto tónico;Primavera (septiembre a noviembre);Almacigo;3 cm;30 a 40 días;-;2 m;3 m;3 años;;;;;;;;;Septiembre;Octubre;Noviembre;;"Septiembre;Octubre;Noviembre"
48;Sí;"Lavanda
";;;Zona 1: Visitas Frecuentes;images/zona1_visitas_frecuentes.png;Plantas Aromáticas y Medicinales;"Lavandula angustifolia
Lavandula officinalis";Labiadas-Lamiaceas;Prefiere suelos secos y bien drenados. Tolera la sequía y requiere pleno sol.;No;No;No aplica;"Carminativo-Alivia los espasmos musculares-Antidepresivo
Antiséptico-Antibacteriano-Estimula flujo sanguineo";Primavera (septiembre a noviembre);Directa;0.5 cm;10 a 15 días;-;50 cm;70 cm;-;;;;;;;;;Septiembre;Octubre;Noviembre;;"Septiembre;Octubre;Noviembre"
63;Sí;Linaza;;;Zona 1: Visitas Frecuentes;images/zona1_visitas_frecuentes.png;Plantas Aromáticas y Medicinales;Linum usitatissimum;Linaceas;Prefiere suelos ligeros y bien drenados. Necesita pleno sol y riego moderado.;No;Sí;Semillas: K;Calma irritacion del tracto digestivo-Laxante suave;Primavera (septiembre a noviembre);Directa;2 cm;7 a 14 días;-;20 cm;40 cm;120 días;;;;;;;;;Septiembre;Octubre;Noviembre;;"Septiembre;Octubre;Noviembre"
75;Sí;Llantén;;;Zona 1: Visitas Frecuentes;images/zona1_visitas_frecuentes.png;Plantas Aromáticas y Medicinales;Plantago major;Plantagineceas;Crece en suelos húmedos y bien drenados. Tolera sombra parcial y necesita riego constante.;No;Sí;S-Mg-Ca-KMn-Fe-Cu;Diurético-Expectorante-Anticatarral-Favorece reconstrucción del tejido;Septiembre - Octubre;Directa;0.5 cm;7 a 14 días;-;30 cm;50 cm;-;;;;;;;;;Septiembre;Octubre;;;"Septiembre;Octubre"
;No;Lúpulo;;;Zona 1: Visitas Frecuentes;images/zona1_visitas_frecuentes.png;Plantas Aromáticas y Medicinales;Humulus lupulus;Cannabaceas;Prefiere suelos fértiles y húmedos. Necesita estructuras de soporte y pleno sol.;No;No;No aplica;Sedante-Relajante-Digestivo-Diurético-Antiséptico-Para insomnio y ansiedad;Agosto - Octubre;Esquejes;-;20 a 30 días;-;1 m;2 m;-;;;;;;;;Agosto;Septiembre;Octubre;;;"Agosto;Septiembre;Octubre"
65;Sí;Malva;;;Zona 1: Visitas Frecuentes;images/zona1_visitas_frecuentes.png;Plantas Aromáticas y Medicinales;Malva silvestris;Malvaceas;Tolera suelos pobres y secos. Prefiere exposición al sol o sombra parcial. Requiere riego moderado.;No;Sí;P;Demulcente-Emoliente-Laxante;Agosto - Noviembre;Directa;1 cm;7 a 14 días;-;30 cm;50 cm;-;;;;;;;;Agosto;Septiembre;Octubre;Noviembre;;"Agosto;Septiembre;Octubre;Noviembre"
22;Sí;"Manzanilla
";;;Zona 1: Visitas Frecuentes;images/zona1_visitas_frecuentes.png;Plantas Aromáticas y Medicinales;"Chamomilla recutita
Matricaria";Asteraceas;Prefiere suelos ligeros y bien drenados. Requiere pleno sol y riego moderado. Tolera suelos pobres.;No;Sí;P;"Antiinflamatorio-Antiespasmódico-Relajante-Carminativo
Amargo suave-Antialérgico";Primavera (septiembre a noviembre);Directa;0.5 cm;7 a 10 días;-;30 cm;50 cm;-;;;;;;;;;Septiembre;Octubre;Noviembre;;"Septiembre;Octubre;Noviembre"
15;Sí;Maravilla-Girasol;;;Zona 1: Visitas Frecuentes;images/zona1_visitas_frecuentes.png;Plantas Aromáticas y Medicinales;Helianthus anuus;Asteraceas;Prefiere suelos fértiles y bien drenados. Necesita pleno sol y riego moderado.;No;Sí;Mg-Ca-P-Zn;Antiinflamatorio-Analgésico-Sirve para:Bajar colesterol-Contiene:Proteinas-Minerales-Vitamina E;Septiembre - Octubre;Directa;2 cm;7 a 10 días;-;50 cm;70 cm;120 días;;;;;;;;;Septiembre;Octubre;;;"Septiembre;Octubre"
49;Sí;"Mejorana
Oregano";;;Zona 1: Visitas Frecuentes;images/zona1_visitas_frecuentes.png;Plantas Aromáticas y Medicinales;"Origanum mejorana
Origanum vulgare";Labiadas-Lamiaceas;Prefiere suelos secos y bien drenados. Requiere pleno sol y riego moderado.;No;Sí;P;"Estimulante-Antiespasmódica-Tónico general-Trata flatulencia y tos
";Agosto - Octubre;Directa;0.5 cm;10 a 15 días;-;30 cm;50 cm;-;;;;;;;;Agosto;Septiembre;Octubre;;;"Agosto;Septiembre;Octubre"
43;Sí;"Melisa
";;;Zona 1: Visitas Frecuentes;images/zona1_visitas_frecuentes.png;Plantas Aromáticas y Medicinales;"Melissa officinalis
";Labiadas-Lamiaceas;Prefiere suelos húmedos y bien drenados. Tolera sombra parcial y requiere riego constante.;No;Sí;"P
";"Relajante-Antiespasmódico-Carminativo-Antiviral-
Tónico para los nervios";Agosto - Octubre;Directa;0.5 cm;10 a 15 días;-;30 cm;50 cm;-;;;;;;;;Agosto;Septiembre;Octubre;;;"Agosto;Septiembre;Octubre"
23;Sí;"Menta coca
";;;Zona 1: Visitas Frecuentes;images/zona1_visitas_frecuentes.png;Plantas Aromáticas y Medicinales;"Tanacetum balsamica
";Asteraceas;Prefiere suelos bien drenados y exposición al sol. Riego moderado.;No;No;No aplica;"Digestivo-Antiséptico-Antiinflamatorio-Sirve para:Sistema respiratorio-Combate mal aliento-
Fuente de K(potasio) y Vitamina A";Septiembre - Octubre;Directa;0.5 cm;7 a 14 días;-;30 cm;50 cm;-;;;;;;;;;Septiembre;Octubre;;;"Septiembre;Octubre"
50;Sí;"Menta
";;;Zona 1: Visitas Frecuentes;images/zona1_visitas_frecuentes.png;Plantas Aromáticas y Medicinales;"Menta x piperita
";Labiadas-Lamiaceas;Necesita suelos húmedos y bien drenados. Requiere sombra parcial y riego constante.;No;Sí;"Mg-K
";"Carminativo-Alivia los espasmos musculares-Sudorífico-
Estimula secreción de bilis- Antiséptico";Primavera (septiembre a noviembre);Esquejes;-;15 a 20 días;-;40 cm;50 cm;-;;;;;;;;;Septiembre;Octubre;Noviembre;;"Septiembre;Octubre;Noviembre"
59;Sí;"Milenrama
";;;Zona 1: Visitas Frecuentes;images/zona1_visitas_frecuentes.png;Plantas Aromáticas y Medicinales;"Achillea millefolium
";Asteraceas;Crece en suelos pobres y secos. Prefiere pleno sol y riego moderado.;Sí;Sí;"K-P-Cu
";"Antiespasmódico-Astringente-Tónico amargo
Sudorífico-Febrífugo-Baja tensión sanguinea";Primavera (septiembre a noviembre);Directa;0.5 cm;7 a 14 días;-;30 cm;50 cm;-;;;;;;;;;Septiembre;Octubre;Noviembre;;"Septiembre;Octubre;Noviembre"
72;Sí;"Ortiga mayor
";;;Zona 1: Visitas Frecuentes;images/zona1_visitas_frecuentes.png;Plantas Aromáticas y Medicinales;"Urtica dioica
";"Urticaceas
";Crece en suelos húmedos y ricos en nutrientes. Prefiere sombra parcial y riego constante.;Sí;Sí;"S-Ca-K-Fe-Cu-Na
";"Diurético-Tónico-Astringente-Evita hemorragias-Antialérgico-Galactógeno(hoja) 
Raiz:Disminuye el tamaño de la próstata";Agosto - Octubre;Directa;1 cm;14 a 20 días;-;30 cm;50 cm;-;;;;;;;;Agosto;Septiembre;Octubre;;;"Agosto;Septiembre;Octubre"
7;Sí;"Paico
";;;Zona 1: Visitas Frecuentes;images/zona1_visitas_frecuentes.png;Plantas Aromáticas y Medicinales;"Chenopodium ambrosoides
Chenopodium chilense";Amarantaceas;Prefiere suelos fértiles y bien drenados. Tolera climas cálidos y requiere riego moderado.;Sí;No;No aplica;"Digestiva-Ligeramente estimulante-Diaforético-Sudorífico-Contra lombrices-
Carminativo-Antiinlamatorio";Septiembre - Octubre;Directa;0.5 cm;10 a 14 días;-;30 cm;50 cm;-;;;;;;;;;Septiembre;Octubre;;;"Septiembre;Octubre"
74;Sí;Pasiflora;;;Zona 1: Visitas Frecuentes;images/zona1_visitas_frecuentes.png;Plantas Aromáticas y Medicinales;Passiflora incarnata;Pasifloraceas;Necesita suelos húmedos y bien drenados. Requiere pleno sol y estructuras para trepar. Tolera temperaturas moderadas.;No;No;No aplica;Sedante-Antiespasmódico-Tranquilizante;Septiembre - Octubre;Almacigo;1 cm;10 a 14 días;-;50 cm;70 cm;90 días;;;;;;;;;Septiembre;Octubre;;;"Septiembre;Octubre"
;Sí;"Perejil
";;;Zona 1: Visitas Frecuentes;images/zona1_visitas_frecuentes.png;Plantas Aromáticas y Medicinales;"Petroselinum crispum
Carum petroselinum";Umbelíferas-Apiaceas;Necesita riego constante y suelos fértiles. Puede cultivarse en sombra parcial.;No;Sí;"Mg-Ca-K-Mn-Fe
";"Diurética-Se usa para:Cistitis-Flatulencia-Dolencias reumáticas-Contra fatiga-Digestión-Enfermedades de encías
Contiene:Vitaminas K,C,A-Hierro";Todo el año;Directa;0,5 cm;20 a 30 días;-;5 cm;30 cm;90 días;Enero;Febrero;Marzo;Abril;Mayo;Junio;Julio;Agosto;Septiembre;Octubre;Noviembre;Diciembre;"Enero;Febrero;Marzo;Abril;Mayo;Junio;Julio;Agosto;Septiembre;Octubre;Noviembre;Diciembre"
;Sí;Pimentón;;;Zona 1: Visitas Frecuentes;images/zona1_visitas_frecuentes.png;Plantas Aromáticas y Medicinales;Capsicum frutescens var. grossum;Solanaceas;Necesita suelos fértiles y bien drenados. Requiere pleno sol y riego regular. Sensible a heladas.;No;No;No aplica;Digestivo-Afrodisiaco-Analgésico-Protege vista-Sirve para: Anemia-Contiene: Vit.C;Agosto - Octubre;Almacigo;1 cm;10 a 15 días;Nov. a Dic;50 cm;1 m;90 días;;;;;;;;Agosto;Septiembre;Octubre;;;"Agosto;Septiembre;Octubre"
33;Sí;"Pingo pingo
";;;Zona 1: Visitas Frecuentes;images/zona1_visitas_frecuentes.png;Plantas Aromáticas y Medicinales;"Ephedra chilense
Ephedra andina";"Ephedraceas
";Prefiere suelos secos y bien drenados. Tolera condiciones extremas de temperatura.;No;No;No aplica;"Diurético-Estíptico-Depurativo-sirve para:Afecciones vejiga
";Septiembre - Noviembre;Directa;0.5 cm;7 a 14 días;-;30 cm;50 cm;-;;;;;;;;;Septiembre;Octubre;Noviembre;;"Septiembre;Octubre;Noviembre"
51;Sí;"Poleo
";;;Zona 1: Visitas Frecuentes;images/zona1_visitas_frecuentes.png;Plantas Aromáticas y Medicinales;"Menta pulegium
";Labiadas-Lamiaceas;Prefiere suelos húmedos y sombra parcial. Requiere riego constante.;No;Sí;Mg-K;"Digestivo-Aumenta secreción y jugos gastricos-Favorece menstruación-Controla fiebre
Repele pulgas-";Septiembre - Octubre;Esquejes;-;20 a 30 días;-;40 cm;50 cm;-;;;;;;;;;Septiembre;Octubre;;;"Septiembre;Octubre"
;Sí;Quillay;-33.6843866;-70.9505331;Zona 1: Visitas Frecuentes;images/zona1_visitas_frecuentes.png;Plantas Aromáticas y Medicinales;Quillaja saponaria;Quillajaceae;Prefiere suelos bien drenados y exposición al sol. Tolera la sequía y se adapta a suelos pobres. Es resistente a condiciones adversas y de crecimiento lento.;No;No;No aplica;Problemas deltórax-Expectorante-Externo:Shampoo anticaspa;Invierno (junio a agosto);Almacigo;3 cm;30 a 40 días;-;5 m;6 m;5 años;;;;;;Junio;Julio;Agosto;;;;;"Junio;Julio;Agosto"
76;Sí;Romaza;;;Zona 1: Visitas Frecuentes;images/zona1_visitas_frecuentes.png;Plantas Aromáticas y Medicinales;Rumex romaza;Poligonaceas;Prefiere suelos húmedos y ricos en materia orgánica. Necesita riego moderado y sombra parcial.;No;Sí;P;Vulnerario-Diurético-Astringente-Laxante-Tónico-Depurativo-Externo: Úlceras-Quemaduras;Agosto - Octubre;Directa;0.5 cm;7 a 14 días;-;30 cm;50 cm;-;;;;;;;;Agosto;Septiembre;Octubre;;;"Agosto;Septiembre;Octubre"
44;Sí;Romero;-33.6842161;-70.9503928;Zona 1: Visitas Frecuentes;images/zona1_visitas_frecuentes.png;Plantas Aromáticas y Medicinales;Rosmarinus officinalis ;Lamiaceae;Prefiere suelos secos y bien drenados. Tolera sequía y requiere pleno sol.;No;Sí;P;Tónico-Estimulante-Astringente-Nervino-Antiinflamatorio- Carminativo;Agosto - Octubre;Esquejes;-;15 a 20 días;-;50 cm;70 cm;-;;;;;;;;Agosto;Septiembre;Octubre;;;"Agosto;Septiembre;Octubre"
;Sí;"Ruda
";;;Zona 1: Visitas Frecuentes;images/zona1_visitas_frecuentes.png;Plantas Aromáticas y Medicinales;"Ruta graveolens
";Rutaceas;Crece en suelos secos y bien drenados. Requiere pleno sol y riego ocasional. Planta resistente.;No;Sí;P;"Favorece menstruación-Para problemas oculares-Histeria-Epilepsia-Vértigo-Cólico-
Lombrices-Lavados para sarna y piojos";Septiembre - Octubre;Directa;0.5 cm;10 a 15 días;-;30 cm;50 cm;-;;;;;;;;;Septiembre;Octubre;;;"Septiembre;Octubre"
52;Sí;"Salvia
";;;Zona 1: Visitas Frecuentes;images/zona1_visitas_frecuentes.png;Plantas Aromáticas y Medicinales;"Salvia officinalis
";Labiadas-Lamiaceas;Prefiere suelos bien drenados y exposición al sol. Tolera sequía moderada.;No;Sí;P;"Astringente-Antiséptico-Aromático-Carminativo-Estrógeno-
Reduce sudor- Tónico";Primavera (septiembre a noviembre);Directa;0.5 cm;10 a 14 días;-;30 cm;50 cm;90 días;;;;;;;;;Septiembre;Octubre;Noviembre;;"Septiembre;Octubre;Noviembre"
28;Sí;Sauco;;;Zona 1: Visitas Frecuentes;images/zona1_visitas_frecuentes.png;Plantas Aromáticas y Medicinales;Sambucus nigra;Caprifolaceas;Necesita suelos húmedos y ricos en nutrientes. Requiere riego constante y pleno sol o sombra parcial.;No;Sí;S-Ca-K-Fe-Cu-Na;Sudorífico-Diurético-Antiinflamatorio-Bayas laxante suave-puntas en flor;Invierno (junio a agosto);Almacigo;2 cm;30 a 40 días;-;3 m;4 m;3 años;;;;;;Junio;Julio;Agosto;;;;;"Junio;Julio;Agosto"
;Sí;Solidago;;;Zona 1: Visitas Frecuentes;images/zona1_visitas_frecuentes.png;Plantas Aromáticas y Medicinales;Solidago spp.;Asteraceas;Prefiere suelos húmedos y bien drenados. Tolera climas fríos y requiere pleno sol.;No;Sí;S-Mg-K-Fe;Diurético-Astringente-Antioxidante-Sirve para:Nefritis y Cistitis;Agosto - Octubre;Directa;1 cm;7 a 14 días;-;30 cm;50 cm;-;;;;;;;;Agosto;Septiembre;Octubre;;;"Agosto;Septiembre;Octubre"
;Sí;Tabaco;;;Zona 1: Visitas Frecuentes;images/zona1_visitas_frecuentes.png;Plantas Aromáticas y Medicinales;Nicotiana tabacum;Solanaceas;Prefiere suelos ricos en materia orgánica y bien drenados. Requiere pleno sol y riego constante.;Sí;No;No aplica;Insecticida;Septiembre - Octubre;Almacigo;0.5 cm;10 a 15 días;-;50 cm;70 cm;-;;;;;;;;;Septiembre;Octubre;;;"Septiembre;Octubre"
45;Sí;Tomillo;;;Zona 1: Visitas Frecuentes;images/zona1_visitas_frecuentes.png;Plantas Aromáticas y Medicinales;Thymus vulgaris ;Labiadas-Lamiaceas;Prefiere suelos secos y bien drenados. Tolera sequía y requiere pleno sol.;No;Sí;S-Mg-K-Fe;Antiséptico-Tónico-Alivia espasmos musculares-Expectorante-Vermífugo;Agosto - Octubre;Directa;0.5 cm;10 a 20 días;-;30 cm;50 cm;90 días;;;;;;;;Agosto;Septiembre;Octubre;;;"Agosto;Septiembre;Octubre"
46;Sí;Toronjil cuyano;;;Zona 1: Visitas Frecuentes;images/zona1_visitas_frecuentes.png;Plantas Aromáticas y Medicinales;Marrubio vulgare;Labiadas-Lamiaceas;Prefiere suelos secos y bien drenados. Requiere pleno sol y tolera la sequía.;No;No;No aplica;Se usa para: Disnea-Bronquitis-Daño en el pulmón-Asma bronquial-tos-aumenta apetito;Agosto - Octubre;Directa;0.5 cm;10 a 14 días;-;30 cm;50 cm;-;;;;;;;;Agosto;Septiembre;Octubre;;;"Agosto;Septiembre;Octubre"
;Sí;Trébol;;;Zona 1: Visitas Frecuentes;images/zona1_visitas_frecuentes.png;Plantas Aromáticas y Medicinales;Trifolium pratense;Leguminosas-Fabaceas;Prefiere suelos fértiles y bien drenados. Necesita riego moderado y exposición al sol.;Sí;No;No aplica;Antiasmática-Expectorante-Astringente-Cicatrizante-Menopausia;Otoño (marzo a mayo);Directa;1 cm;7 a 14 días;-;15 cm;30 cm;120 días;;;Marzo;Abril;Mayo;;;;;;;;"Marzo;Abril;Mayo"
;Sí;Tusílago;;;Zona 1: Visitas Frecuentes;images/zona1_visitas_frecuentes.png;Plantas Aromáticas y Medicinales;Petasites fragans;Asteraceas;Prefiere suelos húmedos y sombra parcial. Necesita riego constante.;Sí;Sí;Mg-Ca-K-P-Fe-Cu-Si;Antiinflamatorio-Antiespasmódico-Antimigrañoso-Sirve para:Afecciones respiratorias.;Primavera (septiembre a noviembre);Almacigo;2 cm;20 a 30 días;-;30 cm;50 cm;-;;;;;;;;;Septiembre;Octubre;Noviembre;;"Septiembre;Octubre;Noviembre"
;Sí;"Verbena
";;;Zona 1: Visitas Frecuentes;images/zona1_visitas_frecuentes.png;Plantas Aromáticas y Medicinales;"Verbena offcinalis
verbena litoralis";"Verbenaceas
";Crece en suelos pobres y bien drenados. Prefiere pleno sol y riego moderado. Planta resistente.;No;No;No aplica;"Nervino-Tónico-Sedante suave-Estimula secreción de bilis-Amargo suave-Cicatrizante
";Agosto - Octubre;Directa;0.5 cm;10 a 15 días;-;30 cm;50 cm;-;;;;;;;;Agosto;Septiembre;Octubre;;;"Agosto;Septiembre;Octubre"
18;No;Vira Vira;;;Zona 1: Visitas Frecuentes;images/zona1_visitas_frecuentes.png;Plantas Aromáticas y Medicinales;Gnaphalium vira-vira;Asteraceas;Prefiere suelos húmedos y bien drenados. Tolera temperaturas frías y sombra parcial.;No;No;No aplica;Expectorante-Sudorífico-Febrífugo-Sirve para:Dispepsia-Gastalgia-Externo:Lavar heridas;Septiembre - Octubre;Directa;1 cm;10 a 14 días;-;30 cm;50 cm;-;;;;;;;;;Septiembre;Octubre;;;"Septiembre;Octubre"
41;Sí;"Zarzaparrilla
";;;Zona 1: Visitas Frecuentes;images/zona1_visitas_frecuentes.png;Plantas Aromáticas y Medicinales;"Ribes cucullatum/Smilax aspera
Ribes punctatum";"Grosulaceas
";Prefiere climas templados y suelos húmedos bien drenados. Necesita poda para controlar el crecimiento.;No;Sí;"I
";"Depurativo-Astringente-Hemostático-Antiséptico-Antioxidante
";Invierno (Junio - Agosto);Almacigo;1 cm;10 a 15 días;-;40 cm;60 cm;120 días;;;;;;Junio;Julio;Agosto;;;;;"Junio;Julio;Agosto"
;Sí;Achira;;;Zona 1: Visitas Frecuentes;images/zona1_visitas_frecuentes.png;Plantas Ornamentales y Cubresuelos;Canna indica;Cannaceas;Prefiere suelos húmedos y ricos en nutrientes. Requiere pleno sol o sombra parcial.;No;No;No aplica;Rizomas se comen asados o cocidos-Se pueden hacer arina-Diurético-;Septiembre - Octubre;Esquejes;-;20 a 30 días;-;1 m;1.5 m;-;;;;;;;;;Septiembre;Octubre;;;"Septiembre;Octubre"
;Sí;"Aliso
";;;Zona 1: Visitas Frecuentes;images/zona1_visitas_frecuentes.png;Plantas Ornamentales y Cubresuelos;"Alyssum maritimun
Lobularia maritima";Boraginaceas;Crece en suelos arenosos y bien drenados. Prefiere pleno sol y riego moderado.;No;No;No aplica;"Diurético-Elimina cálculos renales
";Agosto - Octubre;Directa;0.5 cm;7 a 14 días;-;30 cm;50 cm;-;;;;;;;;Agosto;Septiembre;Octubre;;;"Agosto;Septiembre;Octubre"
;Sí;Cardenal-Geranio;;;Zona 1: Visitas Frecuentes;images/zona1_visitas_frecuentes.png;Plantas Ornamentales y Cubresuelos;Pelargonium x hortorum;Geranaceas;Prefiere suelos fértiles y bien drenados. Necesita riego moderado y pleno sol.;No;No;No aplica;Alivia el dolor-Disminuye estrés-Antininflamatorio-Digestivo-Antibacteriano-Fortalece sistema inmune;Primavera (septiembre a noviembre);Esquejes;-;15 a 20 días;-;30 cm;50 cm;-;;;;;;;;;Septiembre;Octubre;Noviembre;;"Septiembre;Octubre;Noviembre"
42;Sí;Chilco;;;Zona 1: Visitas Frecuentes;images/zona1_visitas_frecuentes.png;Plantas Ornamentales y Cubresuelos;Fuchsia magellanica;Onagraceas;Prefiere suelos húmedos y bien drenados. Necesita sombra parcial y riego constante.;Sí;No;No aplica;Diurético-Emenagogo-Febrífugo;Agosto - Octubre;Esquejes;-;20 a 30 días;-;50 cm;70 cm;-;;;;;;;;Agosto;Septiembre;Octubre;;;"Agosto;Septiembre;Octubre"
;No;Cochayuyo;;;Zona 1: Visitas Frecuentes;images/zona1_visitas_frecuentes.png;Plantas Ornamentales y Cubresuelos;Durvillea antarctica;Durvilleaceas;Crece en ambientes costeros con alta humedad. Tolera condiciones salinas extremas.;No;No;No aplica;Depurativo-Hipocolestemiante-Tónico tiroideo;Primavera (septiembre a noviembre);Almacigo;2 cm;30 a 40 días;-;1 m;2 m;-;;;;;;;;;Septiembre;Octubre;Noviembre;;"Septiembre;Octubre;Noviembre"
;Sí;Crisantemo;;;Zona 1: Visitas Frecuentes;images/zona1_visitas_frecuentes.png;Plantas Ornamentales y Cubresuelos;Chrysanthemun;Asteraceas;Prefiere suelos fértiles y bien drenados. Necesita pleno sol y riego moderado.;No;No;No aplica;Antibacteriano-Antiinflamatorio-Sedante-Se usa para:Tratamiento de heridas;Primavera (septiembre a noviembre);Almacigo;0.5 cm;7 a 10 días;-;40 cm;50 cm;-;;;;;;;;;Septiembre;Octubre;Noviembre;;"Septiembre;Octubre;Noviembre"
;Sí;Dedal de oro;;;Zona 1: Visitas Frecuentes;images/zona1_visitas_frecuentes.png;Plantas Ornamentales y Cubresuelos;Eschcholzia californica;Papaveraceas;Prefiere suelos arenosos y bien drenados. Tolera la sequía y requiere pleno sol.;No;No;No aplica;Sedante suave-Sirve para: Sistema digestivo-Insomnio-Estrés-Tensión;Agosto - Octubre;Directa;0.5 cm;7 a 10 días;-;30 cm;50 cm;-;;;;;;;;Agosto;Septiembre;Octubre;;;"Agosto;Septiembre;Octubre"
;No;Floripondio;;;Zona 1: Visitas Frecuentes;images/zona1_visitas_frecuentes.png;Plantas Ornamentales y Cubresuelos;Brugmansia suaveolens/arborea;Solanaceas;Prefiere suelos húmedos y fértiles. Requiere sombra parcial y riego constante.;No;No;No aplica;Aplicando hojas mitiga dolores de articulaciones;Primavera (septiembre a noviembre);Esquejes;-;20 a 30 días;-;1 m;1.5 m;-;;;;;;;;;Septiembre;Octubre;Noviembre;;"Septiembre;Octubre;Noviembre"
11;Sí;Hiedra común;;;Zona 1: Visitas Frecuentes;images/zona1_visitas_frecuentes.png;Plantas Ornamentales y Cubresuelos;Hedera helix;Araliaceae;Crece bien en sombra parcial o completa. Requiere riego moderado y poda para controlar su crecimiento invasivo.;No;No;No aplica;Afecciones pulmonares-Riñones-Vejiga;Agosto - Octubre;Esquejes;-;20 a 30 días;-;30 cm;60 cm;-;Enero;Febrero;Marzo;Abril;Mayo;Junio;Julio;Agosto;Septiembre;Octubre;Noviembre;Diciembre;"Enero;Febrero;Marzo;Abril;Mayo;Junio;Julio;Agosto;Septiembre;Octubre;Noviembre;Diciembre"
;Sí;Jacinto de agua;;;Zona 1: Visitas Frecuentes;images/zona1_visitas_frecuentes.png;Plantas Ornamentales y Cubresuelos;Eichhornia crassipes;Pontederiaceae;Prefiere ambientes acuáticos y climas cálidos. Puede ser invasiva.;No;No;No aplica;Atrae metale spesados en sus raíces-Biofiltro;Septiembre - Octubre;Directa;1 cm;14 a 21 días;-;-;-;-;;;;;;;;;Septiembre;Octubre;;;"Septiembre;Octubre"
;Sí;Junco;;;Zona 1: Visitas Frecuentes;images/zona1_visitas_frecuentes.png;Plantas Ornamentales y Cubresuelos;Typha latifolia;Thypaceas;Necesita suelos húmedos o anegados. Tolera sombra parcial.;No;No;No aplica;Artesania-Biofiltros;Primavera (septiembre a noviembre);Directa;1 cm;14 a 21 días;-;50 cm;80 cm;-;;;;;;;;;Septiembre;Octubre;Noviembre;;"Septiembre;Octubre;Noviembre"
;Sí;"Kalanchoe
";;;Zona 1: Visitas Frecuentes;images/zona1_visitas_frecuentes.png;Plantas Ornamentales y Cubresuelos;"Kalanchoe pinnata
Kalanchoe diagremontiana";"Crasuláceas
";Tolera suelos pobres y sequía. Prefiere exposición al sol y riego moderado.;No;No;No aplica;"Problemas digestivos-Infecciones genouterinas-Antininflamatorio-Bactericida-Hemostática-
Astringente Se usa: contra el cáncer(comerla)";Septiembre - Octubre;Esquejes;-;15 a 20 días;-;30 cm;50 cm;-;;;;;;;;;Septiembre;Octubre;;;"Septiembre;Octubre"
;Sí;Lirio;;;Zona 1: Visitas Frecuentes;images/zona1_visitas_frecuentes.png;Plantas Ornamentales y Cubresuelos;Iris lutescens;Iridaceas;Necesita suelos húmedos y bien drenados. Prefiere pleno sol o sombra parcial.;No;No;No aplica;Emético-Purgante-Usado en perfumería y cosmética-Tratamiento de afecciones cutáneas;Agosto - Octubre;Almacigo;1 cm;10 a 14 días;-;50 cm;70 cm;-;;;;;;;;Agosto;Septiembre;Octubre;;;"Agosto;Septiembre;Octubre"
;Sí;"Malva rosa
";;;Zona 1: Visitas Frecuentes;images/zona1_visitas_frecuentes.png;Plantas Ornamentales y Cubresuelos;"Pelargonium graveolens
Citrosum graveolens";Geranaceas;Necesita suelos bien drenados y pleno sol. Riego moderado.;No;No;No aplica;"Interno:Dolores de cabezas-Aclara la mente-Bronquitis-Amigdalitis-Inflamaciones
Externo:Artritis";Septiembre - Octubre;Esquejes;-;15 a 20 días;-;50 cm;70 cm;-;;;;;;;;;Septiembre;Octubre;;;"Septiembre;Octubre"
;Sí;Moradilla;;;Zona 1: Visitas Frecuentes;images/zona1_visitas_frecuentes.png;Plantas Ornamentales y Cubresuelos;Althernanthera porrigens;Amarantaceas;Crece en suelos húmedos y bien drenados. Tolera sombra parcial y temperaturas moderadas.;No;No;No aplica;Purgante-Dolor de estómago-Se usa para:Inflamaciones, Circulación, Gripe y Cólicos menstruales;Septiembre - Octubre;Esquejes;-;15 a 20 días;-;30 cm;50 cm;-;;;;;;;;;Septiembre;Octubre;;;"Septiembre;Octubre"
61;No;Nalca;;;Zona 1: Visitas Frecuentes;images/zona1_visitas_frecuentes.png;Plantas Ornamentales y Cubresuelos;Gunnera tinctoria;Gunneraceas;Requiere suelos húmedos y exposición a sombra parcial. Tolera climas fríos.;Sí;No;No aplica;Astringente-Hemostático-Febrífugo;Primavera (septiembre a noviembre);Almacigo;2 cm;30 a 40 días;-;1 m;1.5 m;-;;;;;;;;;Septiembre;Octubre;Noviembre;;"Septiembre;Octubre;Noviembre"
;Sí;"Natre
";;;Zona 1: Visitas Frecuentes;images/zona1_visitas_frecuentes.png;Plantas Ornamentales y Cubresuelos;"Solanum Ligustrinum
Solanum crispum";Solanaceas;Necesita suelos fértiles y riego moderado. Prefiere exposición al sol.;No;No;No aplica;"Hipoglicemiante-Tónico-Febrífugo-Dolores de cabeza causados por el sol-Lavados intestinales.
(1 cdta x 4 cdta agua)";Septiembre - Octubre;Almacigo;1 cm;10 a 14 días;-;50 cm;70 cm;90 días;;;;;;;;;Septiembre;Octubre;;;"Septiembre;Octubre"
;Sí;Papiro;;;Zona 1: Visitas Frecuentes;images/zona1_visitas_frecuentes.png;Plantas Ornamentales y Cubresuelos;Cyperus papyrus;Ciperaceas;Prefiere suelos húmedos y exposición al sol. Se adapta bien a ambientes acuáticos.;No;No;No aplica;Usos tradicionales en cestería y papel-Fibra vegetal-Usado en medicina tradicional como diurético;Septiembre - Octubre;Esquejes;-;20 a 30 días;-;1 m;2 m;-;;;;;;;;;Septiembre;Octubre;;;"Septiembre;Octubre"
;Sí;Rosal silvestre;;;Zona 1: Visitas Frecuentes;images/zona1_visitas_frecuentes.png;Plantas Ornamentales y Cubresuelos;Rosa canina;Rosaceas;Prefiere suelos fértiles y bien drenados. Necesita poda regular y exposición al sol.;No;No;No aplica;Escaramujos:Altas vitaminas y nutriente-Disminuye la sed y alivia inflamaciones gástricas;Invierno (Junio - Agosto);Almacigo;2 cm;20 a 30 días;-;50 cm;70 cm;-;;;;;;Junio;Julio;Agosto;;;;;"Junio;Julio;Agosto"
73;No;Sanguinaria;;;Zona 1: Visitas Frecuentes;images/zona1_visitas_frecuentes.png;Plantas Ornamentales y Cubresuelos;Clarizanthe paniculata;Papaveraceas;0;No;No;No aplica;Purifica la sangre-Úlceras-Hemorragias-Calculos de la vejiga;Septiembre - Octubre;Esquejes;-;20 a 30 días;-;40 cm;60 cm;-;;;;;;;;;Septiembre;Octubre;;;"Septiembre;Octubre"
;Sí;Suspiro;;;Zona 1: Visitas Frecuentes;images/zona1_visitas_frecuentes.png;Plantas Ornamentales y Cubresuelos;Ipomoea violacea;Convulvaceas;Prefiere suelos fértiles y bien drenados. Necesita estructuras para trepar y exposición al sol.;No;No;No aplica;Semillas efecto LSD-Intoxicante;Septiembre - Octubre;Directa;1 cm;7 a 14 días;-;30 cm;50 cm;-;;;;;;;;;Septiembre;Octubre;;;"Septiembre;Octubre"
10;Sí;"Vinca
";;;Zona 1: Visitas Frecuentes;images/zona1_visitas_frecuentes.png;Plantas Ornamentales y Cubresuelos;"Vinca minor
Vinca major";"Apocynaceas
";Crece en suelos húmedos y bien drenados. Tolera sombra y se adapta a diferentes condiciones.;No;No;No aplica;"Astingente-Antihemorragia-Estimula el apetito-Arterioesclorosis-Demencia(hojas)-
Fatifa mental-Sirve para:Cráneo-Corazón";Primavera (septiembre a noviembre);Esquejes;-;15 a 20 días;-;30 cm;50 cm;-;;;;;;;;;Septiembre;Octubre;Noviembre;;"Septiembre;Octubre;Noviembre"
